Global Time,Time,Motor 0 Position,Motor 1 Position,Motor 0 Torque,Motor 1 Torque
2024-11-26 17:12:20.702576,5.388001227402128e-06,0.39553117752075195,0.39239513874053955,0.0066580320708453655,-0.004967664368450642
2024-11-26 17:12:20.704822,0.004777808000653749,0.3955293893814087,0.39239501953125,0.006457428447902203,-0.007700412534177303
2024-11-26 17:12:20.707062,0.006919579000168596,0.3955085277557373,0.39239501953125,-0.030443398281931877,-0.058446817100048065
2024-11-26 17:12:20.709317,0.009196902001349372,0.3955112099647522,0.39239501953125,-0.20482683181762695,-0.2255702018737793
2024-11-26 17:12:20.711488,0.011394856999686453,0.39550983905792236,0.3922160565853119,-0.3310743570327759,-0.3312264084815979
2024-11-26 17:12:20.713999,0.013759956000285456,0.3951020836830139,0.3917121887207031,-0.4190753102302551,-0.3900507986545563
2024-11-26 17:12:20.716841,0.016196497999771964,0.3941687345504761,0.39064863324165344,-0.4758715033531189,-0.47432371973991394
2024-11-26 17:12:20.719505,0.019056328001170186,0.39233362674713135,0.3887495994567871,-0.4855427145957947,-0.4968792498111725
2024-11-26 17:12:20.722189,0.021707496000090032,0.39006978273391724,0.3861173987388611,-0.5499308705329895,-0.5209384560585022
2024-11-26 17:12:20.725141,0.02432864500042342,0.3868938684463501,0.3825805187225342,-0.6161527633666992,-0.5812796950340271
2024-11-26 17:12:20.728462,0.02729902800092532,0.38317203521728516,0.37891173362731934,-0.6447118520736694,-0.5864377617835999
2024-11-26 17:12:20.731608,0.030758419999983744,0.38056302070617676,0.3775806427001953,-0.6783202290534973,-0.6408143639564514
2024-11-26 17:12:20.735114,0.03410455500124954,0.3793887495994568,0.376690149307251,-0.8806621432304382,-0.9669302701950073
2024-11-26 17:12:20.738496,0.03765929600012896,0.3772079348564148,0.3743041455745697,-1.119314193725586,-1.126954197883606
2024-11-26 17:12:20.742080,0.04097202400043898,0.37395477294921875,0.37023216485977173,-1.1206156015396118,-1.0499958992004395
2024-11-26 17:12:20.744786,0.044409546000679256,0.3705253601074219,0.3664640188217163,-1.035963773727417,-0.8624262809753418
2024-11-26 17:12:20.748003,0.047006472999783,0.36849647760391235,0.36339449882507324,-1.0439536571502686,-0.9944719672203064
2024-11-26 17:12:20.751631,0.05021183300050325,0.3652697205543518,0.3601243793964386,-1.2173480987548828,-0.9962227940559387
2024-11-26 17:12:20.755015,0.05386005400032445,0.35992884635925293,0.35456418991088867,-1.2142000198364258,-1.1394919157028198
2024-11-26 17:12:20.758050,0.057365926000784384,0.35450536012649536,0.35062968730926514,-0.9934084415435791,-0.8771425485610962
2024-11-26 17:12:20.762215,0.060359494000294944,0.3506348133087158,0.3464773893356323,-0.9361499547958374,-1.1707627773284912
2024-11-26 17:12:20.765273,0.06451427899992268,0.3457441031932831,0.3401245176792145,-1.1267122030258179,-1.0155783891677856
2024-11-26 17:12:20.768119,0.06759353000052215,0.3409152626991272,0.33538052439689636,-1.302872896194458,-1.0038092136383057
2024-11-26 17:12:20.770660,0.07027488200037624,0.3368001878261566,0.33181360363960266,-1.055465817451477,-0.971406877040863
2024-11-26 17:12:20.772956,0.07291040100062673,0.33300331234931946,0.3279995918273926,-1.0867679119110107,-1.194630742073059
2024-11-26 17:12:20.775092,0.07507485700079997,0.3296148478984833,0.3248905539512634,-1.1923511028289795,-1.0909702777862549
2024-11-26 17:12:20.777577,0.07743358600055217,0.3260738253593445,0.3210386037826538,-1.0423290729522705,-1.0934268236160278
2024-11-26 17:12:20.779815,0.0796676509999088,0.32288697361946106,0.3178892731666565,-1.2013769149780273,-0.9467475414276123
2024-11-26 17:12:20.782329,0.08226326400108519,0.3191789388656616,0.31412583589553833,-1.1974108219146729,-1.1873799562454224
2024-11-26 17:12:20.784701,0.08444494099967415,0.3159387409687042,0.3108363449573517,-1.261001706123352,-1.134354591369629
2024-11-26 17:12:20.787063,0.08698383299997658,0.31257709860801697,0.30735236406326294,-1.1707240343093872,-1.044600248336792
2024-11-26 17:12:20.789356,0.08919562099981704,0.309173047542572,0.3040705621242523,-1.3645403385162354,-1.2611736059188843
2024-11-26 17:12:20.791764,0.09150548000070557,0.3059085011482239,0.30094337463378906,-1.1116307973861694,-1.0719603300094604
2024-11-26 17:12:20.794052,0.09392170800128952,0.3022090792655945,0.2974448800086975,-1.267001986503601,-1.2334706783294678
2024-11-26 17:12:20.796332,0.09613492199969187,0.29914966225624084,0.2941194474697113,-1.1423052549362183,-1.151580810546875
2024-11-26 17:12:20.798357,0.09841409700129589,0.2959941625595093,0.2910412549972534,-1.2473444938659668,-1.0452632904052734
2024-11-26 17:12:20.800850,0.10045338800046011,0.2927369177341461,0.2880869209766388,-1.3199654817581177,-1.2685515880584717
2024-11-26 17:12:20.803063,0.10298496600080398,0.28902751207351685,0.28455206751823425,-1.0401716232299805,-1.0956014394760132
2024-11-26 17:12:20.805345,0.10521253099977912,0.2856714725494385,0.2812754809856415,-1.1788183450698853,-1.156253457069397
2024-11-26 17:12:20.807554,0.10747289200116938,0.28265640139579773,0.27813655138015747,-1.1102510690689087,-1.044123649597168
2024-11-26 17:12:20.809692,0.10963751300005242,0.27974793314933777,0.2751285135746002,-1.226615309715271,-1.0832724571228027
2024-11-26 17:12:20.812008,0.1117722290000529,0.27677014470100403,0.27216392755508423,-1.2276287078857422,-1.068041443824768
2024-11-26 17:12:20.814414,0.11418947499987553,0.2733548879623413,0.26871976256370544,-1.0962892770767212,-1.0255273580551147
2024-11-26 17:12:20.817079,0.11695900999984588,0.26970991492271423,0.26514238119125366,-1.0866962671279907,-0.9397855401039124
2024-11-26 17:12:20.819492,0.11919879800007038,0.2670343816280365,0.26229310035705566,-1.1720958948135376,-1.129708170890808
2024-11-26 17:12:20.821574,0.1215895069999533,0.2641730308532715,0.2593584954738617,-1.2595160007476807,-1.0677646398544312
2024-11-26 17:12:20.823683,0.12364935400000832,0.2615838348865509,0.25670090317726135,-1.2502535581588745,-1.1073440313339233
2024-11-26 17:12:20.825827,0.1257779389998177,0.2588837444782257,0.2542217969894409,-1.1777665615081787,-0.9971605539321899
2024-11-26 17:12:20.827956,0.12791559900142602,0.2562074661254883,0.2517293691635132,-1.069979190826416,-1.1147990226745605
2024-11-26 17:12:20.830064,0.1300360550012556,0.2539607882499695,0.24922938644886017,-1.095895767211914,-1.077157974243164
2024-11-26 17:12:20.832204,0.13213777100099833,0.25148114562034607,0.2466278076171875,-1.3314967155456543,-1.0764868259429932
2024-11-26 17:12:20.834569,0.13435128099990834,0.2488783597946167,0.24392399191856384,-1.0980093479156494,-0.9446903467178345
2024-11-26 17:12:20.836840,0.13669343600122374,0.2464023232460022,0.24122574925422668,-1.1159917116165161,-0.9600192904472351
2024-11-26 17:12:20.839075,0.1389387050003279,0.24390384554862976,0.23877593874931335,-1.2305681705474854,-1.049278974533081
2024-11-26 17:12:20.841482,0.14121917600095912,0.24131286144256592,0.2361920028924942,-1.1082985401153564,-1.0464788675308228
2024-11-26 17:12:20.843885,0.14363375600078143,0.2384459376335144,0.23352016508579254,-1.1026867628097534,-0.992358922958374
2024-11-26 17:12:20.846058,0.14598289300010947,0.23585671186447144,0.23107585310935974,-1.003005027770996,-0.9937236905097961
2024-11-26 17:12:20.848213,0.1481642920007289,0.23347842693328857,0.22882211208343506,-1.0436128377914429,-1.033375859260559
2024-11-26 17:12:20.850452,0.1502920439997979,0.23100534081459045,0.2264431267976761,-1.0450479984283447,-1.006880760192871
2024-11-26 17:12:20.852701,0.15260214500085567,0.22839897871017456,0.22386062145233154,-0.9722150564193726,-0.910573422908783
2024-11-26 17:12:20.855084,0.15480593299980683,0.2260756492614746,0.22132617235183716,-0.9378626942634583,-0.871908962726593
2024-11-26 17:12:20.857226,0.15722690100119507,0.2236425280570984,0.21897834539413452,-1.0143780708312988,-0.7926320433616638
2024-11-26 17:12:20.859571,0.15931459900093614,0.22138136625289917,0.21677947044372559,-1.0576976537704468,-1.0245862007141113
2024-11-26 17:12:20.861838,0.16167012400001113,0.218812495470047,0.2142707109451294,-0.9525222182273865,-0.8989061117172241
2024-11-26 17:12:20.864216,0.16395124399969063,0.21661308407783508,0.2120078206062317,-0.9045225977897644,-0.8445523977279663
2024-11-26 17:12:20.866317,0.1663048250011343,0.2142888307571411,0.20996451377868652,-1.0346685647964478,-0.9026839733123779
2024-11-26 17:12:20.868560,0.16839048600013484,0.21235522627830505,0.20792490243911743,-0.9874014854431152,-1.0529589653015137
2024-11-26 17:12:20.870606,0.1706529570001294,0.2100900113582611,0.20569270849227905,-1.0359175205230713,-0.8756216168403625
2024-11-26 17:12:20.872814,0.17280254300021625,0.20805087685585022,0.2037767767906189,-0.9279376864433289,-0.8434104919433594
2024-11-26 17:12:20.875247,0.1750679400010995,0.20604687929153442,0.20182836055755615,-0.9633727669715881,-0.9405866861343384
2024-11-26 17:12:20.877431,0.17736991099991428,0.20413070917129517,0.19971251487731934,-1.0269874334335327,-0.9834429025650024
2024-11-26 17:12:20.879483,0.17951142300080392,0.20210132002830505,0.1976795792579651,-1.0592312812805176,-0.8681632876396179
2024-11-26 17:12:20.881693,0.1815792870002042,0.20033180713653564,0.19598007202148438,-0.9325552582740784,-0.8171562552452087
2024-11-26 17:12:20.883927,0.1837796680010797,0.1987404227256775,0.19425171613693237,-0.9768098592758179,-0.9492380023002625
2024-11-26 17:12:20.886062,0.18599691800045548,0.19687393307685852,0.1922968029975891,-1.1547762155532837,-0.9528118371963501
2024-11-26 17:12:20.888427,0.1881495409998024,0.1949632167816162,0.19039440155029297,-1.0154638290405273,-0.8503903150558472
2024-11-26 17:12:20.890756,0.19051349199980905,0.1930904984474182,0.18855196237564087,-0.9150943756103516,-0.8010550141334534
2024-11-26 17:12:20.893185,0.19291636799971457,0.1913934350013733,0.18678611516952515,-1.0010837316513062,-0.9361141324043274
2024-11-26 17:12:20.895585,0.19530239300001995,0.18942299485206604,0.18485456705093384,-1.103448748588562,-0.984656572341919
2024-11-26 17:12:20.897825,0.1977161390004767,0.18733525276184082,0.18292301893234253,-0.9837206602096558,-0.8585489392280579
2024-11-26 17:12:20.900216,0.19992294599978777,0.18567591905593872,0.18144458532333374,-0.8442543745040894,-0.8296138644218445
2024-11-26 17:12:20.902641,0.20236576600109402,0.18417814373970032,0.1798797845840454,-0.945345938205719,-0.9731637239456177
2024-11-26 17:12:20.904811,0.204753920001167,0.18222776055335999,0.17797666788101196,-1.1361082792282104,-1.0126522779464722
2024-11-26 17:12:20.907059,0.20690100499996333,0.18041357398033142,0.17628121376037598,-0.9259396195411682,-0.8146387338638306
2024-11-26 17:12:20.909432,0.2093689169996651,0.17884284257888794,0.1747065782546997,-0.8286927342414856,-0.7843765616416931
2024-11-26 17:12:20.911611,0.2115139100005763,0.17767778038978577,0.1733393669128418,-1.0161641836166382,-0.9466655850410461
2024-11-26 17:12:20.913809,0.21368980900115275,0.17605477571487427,0.17158710956573486,-1.1246260404586792,-0.9304018616676331
2024-11-26 17:12:20.916074,0.21588500500001828,0.17428165674209595,0.16993367671966553,-0.9218927621841431,-0.7345947027206421
2024-11-26 17:12:20.918305,0.21820827200099302,0.17284834384918213,0.16851389408111572,-0.8040249943733215,-0.7785603404045105
2024-11-26 17:12:20.920451,0.22038680100013153,0.17163899540901184,0.16732215881347656,-0.9978743195533752,-0.921015739440918
2024-11-26 17:12:20.922693,0.2226639950004028,0.16992685198783875,0.16568654775619507,-1.0516647100448608,-1.0051552057266235
2024-11-26 17:12:20.925492,0.22479971000029764,0.1681515872478485,0.16405659914016724,-0.8343052864074707,-0.7625201344490051
2024-11-26 17:12:20.928160,0.2276514290006162,0.1665566861629486,0.16257774829864502,-0.7072913646697998,-0.7001902461051941
2024-11-26 17:12:20.931147,0.23034029900009045,0.16493237018585205,0.16092973947525024,-1.0290814638137817,-0.9793821573257446
2024-11-26 17:12:20.933450,0.2333330150013353,0.16267478466033936,0.1587885022163391,-0.9748313426971436,-0.8592827320098877
2024-11-26 17:12:20.935768,0.23554919100024563,0.16141429543495178,0.15762466192245483,-0.7383553385734558,-0.6673741340637207
2024-11-26 17:12:20.938318,0.2379416610001499,0.160437673330307,0.15635889768600464,-0.9347801804542542,-0.922549307346344
2024-11-26 17:12:20.940714,0.24043148000055226,0.15897738933563232,0.15482097864151,-1.1448965072631836,-0.8995115160942078
2024-11-26 17:12:20.943197,0.24282743000003393,0.15725713968276978,0.15320390462875366,-0.9169923663139343,-0.7796871066093445
2024-11-26 17:12:20.945483,0.2453530820002925,0.1561441719532013,0.1522180438041687,-0.7366158962249756,-0.6949782967567444
2024-11-26 17:12:20.947840,0.24759273900053813,0.15519055724143982,0.15114319324493408,-1.0277519226074219,-1.0109343528747559
2024-11-26 17:12:20.950089,0.24994752400016296,0.15362238883972168,0.14973551034927368,-1.0532115697860718,-0.8960790038108826
2024-11-26 17:12:20.952462,0.25218247799966775,0.152224600315094,0.14849328994750977,-0.7837472558021545,-0.7395143508911133
2024-11-26 17:12:20.954818,0.2545980390004843,0.15135902166366577,0.1476331353187561,-0.7793833613395691,-0.7654647827148438
2024-11-26 17:12:20.957440,0.25691571300012583,0.150363028049469,0.14656776189804077,-1.104849100112915,-1.023301124572754
2024-11-26 17:12:20.959688,0.2595656770008645,0.1488100290298462,0.14499205350875854,-1.0433932542800903,-0.8988171219825745
2024-11-26 17:12:20.962316,0.2617947790004109,0.14764103293418884,0.14400267601013184,-0.7977721691131592,-0.682763397693634
2024-11-26 17:12:20.964584,0.26442239199968753,0.14680829644203186,0.14316636323928833,-0.8533909916877747,-0.8737015724182129
2024-11-26 17:12:20.967014,0.26667153000016697,0.14592227339744568,0.14203178882598877,-1.0936142206192017,-1.0493839979171753
2024-11-26 17:12:20.969178,0.269162516000506,0.14463722705841064,0.14071297645568848,-1.0336277484893799,-0.7760751247406006
2024-11-26 17:12:20.971579,0.271262102000037,0.14379727840423584,0.13993126153945923,-0.8600984811782837,-0.741276741027832
2024-11-26 17:12:20.973812,0.2736857930012775,0.1431596577167511,0.13918590545654297,-0.9246506094932556,-0.9286894798278809
2024-11-26 17:12:20.976097,0.27591200599999866,0.14226064085960388,0.1381901502609253,-1.1228359937667847,-1.0002928972244263
2024-11-26 17:12:20.978445,0.27817966300062835,0.14098718762397766,0.13711518049240112,-0.9806584715843201,-0.8183544278144836
2024-11-26 17:12:20.980781,0.2805766319997929,0.14020323753356934,0.13644880056381226,-0.7829962372779846,-0.7527110576629639
2024-11-26 17:12:20.983172,0.2830729510005767,0.13959252834320068,0.1357518434524536,-0.9807349443435669,-0.9997370839118958
2024-11-26 17:12:20.985304,0.2852972939999745,0.13875451683998108,0.1347687840461731,-1.1328761577606201,-1.0113470554351807
2024-11-26 17:12:20.987564,0.28744210100012424,0.13772475719451904,0.1337984800338745,-0.9643684029579163,-0.7803908586502075
2024-11-26 17:12:20.989823,0.28963885200028017,0.13724282383918762,0.13322335481643677,-0.8076424598693848,-0.7463662028312683
2024-11-26 17:12:20.992185,0.29196260100070504,0.13680636882781982,0.13260424137115479,-1.0814464092254639,-0.9487994909286499
2024-11-26 17:12:20.994432,0.2943092189998424,0.13592392206192017,0.13157665729522705,-1.1344530582427979,-0.9568261504173279
2024-11-26 17:12:20.996577,0.2965143399997032,0.13505616784095764,0.13074135780334473,-0.9162620902061462,-0.7392430305480957
2024-11-26 17:12:20.998823,0.2986468890012475,0.1346748173236847,0.13028305768966675,-0.8823493123054504,-0.8172216415405273
2024-11-26 17:12:21.001227,0.3009627110004658,0.1343030035495758,0.12972551584243774,-1.0988399982452393,-0.9982484579086304
2024-11-26 17:12:21.003446,0.3033807350002462,0.13348060846328735,0.12875550985336304,-1.1633957624435425,-0.9727514386177063
2024-11-26 17:12:21.005805,0.3055464130011387,0.13269522786140442,0.12802422046661377,-0.9625692963600159,-0.7711049318313599
2024-11-26 17:12:21.007925,0.30789858600110165,0.13232117891311646,0.12763965129852295,-0.8933709263801575,-0.8411208391189575
2024-11-26 17:12:21.009941,0.31000404299993534,0.13207361102104187,0.12721753120422363,-1.0877681970596313,-1.0218290090560913
2024-11-26 17:12:21.012324,0.31219647900070413,0.1313079297542572,0.12634211778640747,-1.1943340301513672,-0.981199324131012
2024-11-26 17:12:21.014435,0.3144246550000389,0.1305188238620758,0.12574374675750732,-0.9077895283699036,-0.7363088726997375
2024-11-26 17:12:21.016564,0.3165093349998642,0.13024714589118958,0.12554556131362915,-0.87706059217453,-0.8897315859794617
2024-11-26 17:12:21.018858,0.31865425300020433,0.13000288605690002,0.12523579597473145,-1.0976144075393677,-1.0887882709503174
2024-11-26 17:12:21.021107,0.32097133500064956,0.12928175926208496,0.12443268299102783,-1.1686182022094727,-1.0109386444091797
2024-11-26 17:12:21.023330,0.3232261960001779,0.12853124737739563,0.12384283542633057,-0.9566888809204102,-0.7905169725418091
2024-11-26 17:12:21.025691,0.3254354279997642,0.12836363911628723,0.12371635437011719,-0.8855319619178772,-0.8688361048698425
2024-11-26 17:12:21.027807,0.32778065700040315,0.12819480895996094,0.12343204021453857,-1.1288648843765259,-1.1159131526947021
2024-11-26 17:12:21.029870,0.3298850400005904,0.12755760550498962,0.12274706363677979,-1.1962465047836304,-1.0460731983184814
2024-11-26 17:12:21.032093,0.33196734900047886,0.1268475353717804,0.12228065729141235,-0.9487824440002441,-0.7844578623771667
2024-11-26 17:12:21.034193,0.33417311800076277,0.12671396136283875,0.12225008010864258,-0.8437809348106384,-0.893359899520874
2024-11-26 17:12:21.036318,0.3362731859997439,0.12662068009376526,0.12211740016937256,-1.1275715827941895,-1.1495623588562012
2024-11-26 17:12:21.038344,0.3383942529999331,0.1260300874710083,0.12154430150985718,-1.1970195770263672,-1.087687373161316
2024-11-26 17:12:21.040861,0.3404459700013831,0.12531736493110657,0.12099230289459229,-0.9634751081466675,-0.8283349871635437
2024-11-26 17:12:21.043103,0.3429977880005026,0.1251623034477234,0.12100070714950562,-0.851862907409668,-0.8363825678825378
2024-11-26 17:12:21.045350,0.34526916700087895,0.12509208917617798,0.12090283632278442,-1.1344623565673828,-1.1595852375030518
2024-11-26 17:12:21.047562,0.34748021400082507,0.1244785487651825,0.12033921480178833,-1.2275851964950562,-1.1103863716125488
2024-11-26 17:12:21.049840,0.34964644700085046,0.12387380003929138,0.11994433403015137,-0.9596970677375793,-0.8373590707778931
2024-11-26 17:12:21.052098,0.3519160300002113,0.12376689910888672,0.11995953321456909,-0.8931770324707031,-0.930815577507019
2024-11-26 17:12:21.054352,0.35423666700080503,0.12373816967010498,0.1198803186416626,-1.139169454574585,-1.1431983709335327
2024-11-26 17:12:21.056642,0.3564379180006654,0.12317076325416565,0.11933988332748413,-1.2175699472427368,-1.1140214204788208
2024-11-26 17:12:21.059411,0.35882112800027244,0.1226854920387268,0.11899036169052124,-0.9518481492996216,-0.8321821093559265
2024-11-26 17:12:21.062551,0.3619484709997778,0.12270927429199219,0.11901414394378662,-0.9659618735313416,-0.9547752141952515
2024-11-26 17:12:21.065561,0.3649057980001089,0.12244808673858643,0.11843377351760864,-1.2565478086471558,-1.1856592893600464
2024-11-26 17:12:21.067807,0.3676860369996575,0.12195953726768494,0.1181175708770752,-1.1341930627822876,-0.8821672797203064
2024-11-26 17:12:21.069934,0.36990139900080976,0.12191691994667053,0.11808854341506958,-1.0006250143051147,-0.9894660711288452
2024-11-26 17:12:21.072085,0.37200946700068016,0.12190276384353638,0.11805367469787598,-1.1884676218032837,-1.0973336696624756
2024-11-26 17:12:21.074300,0.37420234700039146,0.12163442373275757,0.1176566481590271,-1.1997544765472412,-1.1072123050689697
2024-11-26 17:12:21.076427,0.3763846170004399,0.1212625801563263,0.11740577220916748,-1.0716155767440796,-0.8968798518180847
2024-11-26 17:12:21.078733,0.37852885000029346,0.12123426795005798,0.11741983890533447,-1.0092002153396606,-0.9848372340202332
2024-11-26 17:12:21.081037,0.38083108099999663,0.1212434470653534,0.1174125075340271,-1.1667778491973877,-1.1207869052886963
2024-11-26 17:12:21.083391,0.38321225400068215,0.12096726894378662,0.11707168817520142,-1.220981478691101,-1.1145565509796143
2024-11-26 17:12:21.085685,0.38566549900133396,0.12066245079040527,0.11685186624526978,-1.0853832960128784,-0.9209612607955933
2024-11-26 17:12:21.087897,0.38777836300141644,0.12064629793167114,0.11688601970672607,-1.021088719367981,-0.9911227822303772
2024-11-26 17:12:21.090071,0.3900101500003075,0.12067091464996338,0.11688387393951416,-1.1686820983886719,-1.104509711265564
2024-11-26 17:12:21.092324,0.3921828460006509,0.12050706148147583,0.11662191152572632,-1.224013090133667,-1.1112444400787354
2024-11-26 17:12:21.094679,0.3944303560001572,0.12028619647026062,0.11647123098373413,-1.1188411712646484,-0.9479314088821411
2024-11-26 17:12:21.096804,0.3967605480011116,0.12027814984321594,0.1165088415145874,-1.0622978210449219,-1.032521367073059
2024-11-26 17:12:21.098955,0.39889807800136623,0.12027323246002197,0.11651808023452759,-1.1831573247909546,-1.1285346746444702
2024-11-26 17:12:21.101258,0.40106992199980596,0.12014606595039368,0.11635500192642212,-1.196285605430603,-1.102628231048584
2024-11-26 17:12:21.103712,0.40345509500002663,0.11999070644378662,0.11625581979751587,-1.1344640254974365,-1.0094512701034546
2024-11-26 17:12:21.105928,0.4058184719997371,0.11998596787452698,0.11632150411605835,-1.1346352100372314,-1.0402566194534302
2024-11-26 17:12:21.108147,0.40800029800084303,0.11998558044433594,0.11631357669830322,-1.1713223457336426,-1.1448051929473877
2024-11-26 17:12:21.110366,0.41023201100142614,0.11989772319793701,0.1162266731262207,-1.1953617334365845,-1.0771433115005493
2024-11-26 17:12:21.112934,0.41270496000106505,0.11979842185974121,0.11620306968688965,-1.1267586946487427,-1.0568698644638062
2024-11-26 17:12:21.115099,0.41508596600033343,0.11979103088378906,0.11621034145355225,-1.124146580696106,-1.087239384651184
2024-11-26 17:12:21.117319,0.4172179960005451,0.11977320909500122,0.11621344089508057,-1.201593041419983,-1.0942509174346924
2024-11-26 17:12:21.119434,0.4193972470002336,0.11974942684173584,0.11619079113006592,-1.1923893690109253,-1.091222882270813
2024-11-26 17:12:21.121453,0.42150474099980784,0.11968311667442322,0.11615723371505737,-1.1765639781951904,-1.0652486085891724
2024-11-26 17:12:21.123811,0.4235251070003869,0.11969807744026184,0.11617374420166016,-1.1415696144104004,-1.070027232170105
2024-11-26 17:12:21.126059,0.42594346400073846,0.11968186497688293,0.11618322134017944,-1.2070765495300293,-1.1120541095733643
2024-11-26 17:12:21.128203,0.4281475110001338,0.11966860294342041,0.11618316173553467,-1.1789026260375977,-1.0980312824249268
2024-11-26 17:12:21.130229,0.43027424499996414,0.11967071890830994,0.11619770526885986,-1.175171136856079,-1.0943882465362549
2024-11-26 17:12:21.132577,0.4323673870003404,0.11967667937278748,0.11618834733963013,-1.1876678466796875,-1.0941433906555176
2024-11-26 17:12:21.134688,0.4346673769996414,0.11968311667442322,0.1162073016166687,-1.2012451887130737,-1.0762706995010376
2024-11-26 17:12:21.136709,0.4367743889997655,0.11967423558235168,0.11621236801147461,-1.1863552331924438,-1.101223111152649
2024-11-26 17:12:21.138845,0.43877799500114634,0.11967280507087708,0.1162111759185791,-1.1823173761367798,-1.1075440645217896
2024-11-26 17:12:21.140889,0.4409142660006182,0.11967620253562927,0.11626571416854858,-1.1710410118103027,-1.0966426134109497
2024-11-26 17:12:21.143601,0.4430404630002158,0.1196851134300232,0.1162765622138977,-1.1608043909072876,-1.1304395198822021
2024-11-26 17:12:21.145810,0.4457385180012352,0.1196838915348053,0.11632275581359863,-1.2127307653427124,-1.095715045928955
2024-11-26 17:12:21.148079,0.4478890850004973,0.11965703964233398,0.11634492874145508,-1.1640266180038452,-1.1329529285430908
2024-11-26 17:12:21.150094,0.4501531679998152,0.11967110633850098,0.11640089750289917,-1.1659419536590576,-1.1000503301620483
2024-11-26 17:12:21.152249,0.4521831080000993,0.11966335773468018,0.11641788482666016,-1.2118828296661377,-1.1237245798110962
2024-11-26 17:12:21.154429,0.4543897660005314,0.11969158053398132,0.11645817756652832,-1.1953423023223877,-1.1039035320281982
2024-11-26 17:12:21.156555,0.4565322770013154,0.11966922879219055,0.11647874116897583,-1.2033928632736206,-1.1249586343765259
2024-11-26 17:12:21.158703,0.4586439739996422,0.11966988444328308,0.11651968955993652,-1.1710275411605835,-1.1072055101394653
2024-11-26 17:12:21.160868,0.46078204100012954,0.11966124176979065,0.11654794216156006,-1.1693971157073975,-1.1350518465042114
2024-11-26 17:12:21.163194,0.4629971070007741,0.11968213319778442,0.11658167839050293,-1.1838862895965576,-1.0971931219100952
2024-11-26 17:12:21.165460,0.46539133500118623,0.11966833472251892,0.11664408445358276,-1.2005281448364258,-1.1183664798736572
2024-11-26 17:12:21.167815,0.4675753640003677,0.11967962980270386,0.1166609525680542,-1.1754406690597534,-1.111225962638855
2024-11-26 17:12:21.169928,0.4699032600001374,0.11965689063072205,0.11670392751693726,-1.1745243072509766,-1.1030669212341309
2024-11-26 17:12:21.172194,0.4720098460002191,0.1196613609790802,0.11674201488494873,-1.1540160179138184,-1.1059932708740234
2024-11-26 17:12:21.174309,0.47429194700089283,0.11966380476951599,0.11676573753356934,-1.1731916666030884,-1.1150307655334473
2024-11-26 17:12:21.176516,0.476389867000762,0.11967873573303223,0.11677819490432739,-1.2011604309082031,-1.110404133796692
2024-11-26 17:12:21.178589,0.4786565980011801,0.119687020778656,0.11682528257369995,-1.1979674100875854,-1.09906804561615
2024-11-26 17:12:21.180707,0.4806507610010158,0.11967611312866211,0.11685442924499512,-1.1937041282653809,-1.1283329725265503
2024-11-26 17:12:21.182822,0.48279293900122866,0.1196795403957367,0.1168866753578186,-1.1789488792419434,-1.114414930343628
2024-11-26 17:12:21.185077,0.48489420999976574,0.11968335509300232,0.11688429117202759,-1.1982669830322266,-1.1210566759109497
2024-11-26 17:12:21.187327,0.4871860149996792,0.11967253684997559,0.11692732572555542,-1.1975207328796387,-1.096099615097046
2024-11-26 17:12:21.189354,0.4893973950001964,0.11966517567634583,0.1169472336769104,-1.1666475534439087,-1.1244875192642212
2024-11-26 17:12:21.191834,0.4914327790011157,0.1196657121181488,0.11694496870040894,-1.175173044204712,-1.1028435230255127
2024-11-26 17:12:21.193982,0.49394585700065363,0.11967858672142029,0.11695337295532227,-1.1879804134368896,-1.0969948768615723
2024-11-26 17:12:21.196200,0.4960552390002704,0.11969083547592163,0.11695653200149536,-1.2094563245773315,-1.115680456161499
2024-11-26 17:12:21.198665,0.49828432300091663,0.11968973278999329,0.11696243286132812,-1.187147855758667,-1.0922362804412842
2024-11-26 17:12:21.201541,0.5008334370013472,0.11967259645462036,0.11696422100067139,-1.1529403924942017,-1.0960808992385864
2024-11-26 17:12:21.205360,0.5038932810002734,0.1196645200252533,0.11698949337005615,-1.179097056388855,-1.1146866083145142
2024-11-26 17:12:21.208906,0.5081513969998923,0.1196918785572052,0.11696749925613403,-1.1732547283172607,-1.1203360557556152
2024-11-26 17:12:21.212287,0.5111624270011816,0.11967423558235168,0.1169852614402771,-1.202009677886963,-1.0918582677841187
2024-11-26 17:12:21.216581,0.5145653010004025,0.11966010928153992,0.1169971227645874,-1.1843690872192383,-1.1010524034500122
2024-11-26 17:12:21.220096,0.5187977880013932,0.11969146132469177,0.11698418855667114,-1.1642048358917236,-1.0948171615600586
2024-11-26 17:12:21.223853,0.5226555790013663,0.1196853518486023,0.11698800325393677,-1.1983073949813843,-1.1085336208343506
2024-11-26 17:12:21.228076,0.526090600000316,0.11966496706008911,0.11699122190475464,-1.178973913192749,-1.096536636352539
2024-11-26 17:12:21.231469,0.5303790300004039,0.11967664957046509,0.11696970462799072,-1.170805811882019,-1.1173102855682373
2024-11-26 17:12:21.234972,0.5336819620006281,0.11967200040817261,0.11696821451187134,-1.1818218231201172,-1.1016688346862793
2024-11-26 17:12:21.238528,0.5376281400003791,0.11968055367469788,0.1169934868812561,-1.2127975225448608,-1.1121019124984741
2024-11-26 17:12:21.242384,0.5407573900010902,0.11968356370925903,0.11698299646377563,-1.198169469833374,-1.1147105693817139
2024-11-26 17:12:21.245377,0.5447061230006511,0.11967068910598755,0.11697614192962646,-1.173003911972046,-1.0970598459243774
2024-11-26 17:12:21.248146,0.5476141369999823,0.11967375874519348,0.11698192358016968,-1.1867674589157104,-1.103920578956604
2024-11-26 17:12:21.252244,0.5503988950003986,0.11966890096664429,0.1169622540473938,-1.1805366277694702,-1.1106433868408203
2024-11-26 17:12:21.255560,0.5546085120004136,0.11968415975570679,0.11698299646377563,-1.1903748512268066,-1.0907924175262451
2024-11-26 17:12:21.258871,0.5579735530009202,0.11967474222183228,0.11697012186050415,-1.1901676654815674,-1.1151622533798218
2024-11-26 17:12:21.263021,0.5619472489997861,0.11966913938522339,0.11697685718536377,-1.1743637323379517,-1.0956087112426758
2024-11-26 17:12:21.267142,0.5656191180005408,0.11966192722320557,0.11698508262634277,-1.161148190498352,-1.0984677076339722
2024-11-26 17:12:21.271361,0.5694049650010129,0.11967524886131287,0.11697006225585938,-1.1708868741989136,-1.1110049486160278
2024-11-26 17:12:21.274657,0.5739520010010892,0.11968949437141418,0.11696130037307739,-1.1914786100387573,-1.1053797006607056
2024-11-26 17:12:21.277792,0.5768747929996607,0.11969077587127686,0.1169787049293518,-1.178924560546875,-1.0969337224960327
2024-11-26 17:12:21.281713,0.5800635049999983,0.11968404054641724,0.11699044704437256,-1.181434988975525,-1.0990849733352661
2024-11-26 17:12:21.285738,0.5845040240001254,0.11968907713890076,0.11698448657989502,-1.1711288690567017,-1.112844467163086
2024-11-26 17:12:21.288801,0.5880419510012871,0.11965826153755188,0.11697852611541748,-1.1962052583694458,-1.0994807481765747
2024-11-26 17:12:21.291423,0.5911713120003697,0.11966681480407715,0.11696964502334595,-1.1595731973648071,-1.094313621520996
2024-11-26 17:12:21.294072,0.5935933359996852,0.11969175934791565,0.11698174476623535,-1.1900423765182495,-1.097174882888794
2024-11-26 17:12:21.296348,0.5962057819997426,0.11968332529067993,0.11697566509246826,-1.194412350654602,-1.0969600677490234
2024-11-26 17:12:21.299439,0.5984539030014275,0.1196557879447937,0.11696594953536987,-1.1871129274368286,-1.1053595542907715
2024-11-26 17:12:21.301686,0.6016057260003436,0.11969095468521118,0.11700034141540527,-1.1874589920043945,-1.1066371202468872
2024-11-26 17:12:21.303885,0.6037778480003908,0.11968597769737244,0.11697763204574585,-1.1936614513397217,-1.1052907705307007
2024-11-26 17:12:21.305940,0.6059613400011585,0.11967259645462036,0.11697709560394287,-1.1836122274398804,-1.084581971168518
2024-11-26 17:12:21.308081,0.6080060200001753,0.1196744441986084,0.11698329448699951,-1.194247841835022,-1.1055338382720947
2024-11-26 17:12:21.310335,0.610182012000223,0.11968940496444702,0.11695992946624756,-1.2024054527282715,-1.0943682193756104
2024-11-26 17:12:21.313727,0.6125618890000624,0.11966890096664429,0.1169734001159668,-1.1901311874389648,-1.0895614624023438
2024-11-26 17:12:21.316097,0.6159953180012963,0.11968445777893066,0.11699587106704712,-1.1696553230285645,-1.1211017370224
2024-11-26 17:12:21.318730,0.6182149760006723,0.11967340111732483,0.11698853969573975,-1.2098010778427124,-1.099491834640503
2024-11-26 17:12:21.321121,0.6209496230003424,0.11968258023262024,0.11699503660202026,-1.189247965812683,-1.1100198030471802
2024-11-26 17:12:21.323407,0.6232462980005948,0.11967140436172485,0.11698007583618164,-1.1721601486206055,-1.1067109107971191
2024-11-26 17:12:21.325733,0.6254990659999748,0.11967325210571289,0.11698400974273682,-1.1647975444793701,-1.0969351530075073
2024-11-26 17:12:21.328435,0.6278584990013769,0.11967882513999939,0.11697882413864136,-1.1807247400283813,-1.111767292022705
2024-11-26 17:12:21.330814,0.630567203001192,0.11967062950134277,0.11697107553482056,-1.1770943403244019,-1.104169487953186
2024-11-26 17:12:21.333211,0.6329384870005015,0.11966592073440552,0.11697393655776978,-1.171539306640625,-1.0880789756774902
2024-11-26 17:12:21.336110,0.6353161600000021,0.11968907713890076,0.11697977781295776,-1.166164517402649,-1.0848965644836426
2024-11-26 17:12:21.338515,0.6382491740005207,0.11968153715133667,0.11697268486022949,-1.1744494438171387,-1.1172828674316406
2024-11-26 17:12:21.341531,0.6406526050013781,0.11968129873275757,0.11698269844055176,-1.188086748123169,-1.1016883850097656
2024-11-26 17:12:21.344348,0.6437065240006632,0.11967301368713379,0.11698359251022339,-1.1820716857910156,-1.1012297868728638
2024-11-26 17:12:21.346493,0.6464580410010967,0.11968687176704407,0.11698174476623535,-1.182549238204956,-1.1202325820922852
2024-11-26 17:12:21.348712,0.6485952010007168,0.11968433856964111,0.1169971227645874,-1.1852370500564575,-1.0966606140136719
2024-11-26 17:12:21.351832,0.6507936180005345,0.11968225240707397,0.116993248462677,-1.1806347370147705,-1.1026690006256104
2024-11-26 17:12:21.354934,0.6539588310006366,0.11967533826828003,0.11695826053619385,-1.1891707181930542,-1.099845051765442
2024-11-26 17:12:21.360068,0.6571508200013341,0.11967438459396362,0.11699223518371582,-1.1914963722229004,-1.085641622543335
2024-11-26 17:12:21.363695,0.6622354749997612,0.11967101693153381,0.1169862151145935,-1.1609987020492554,-1.1095670461654663
2024-11-26 17:12:21.366088,0.6660192850013118,0.11968305706977844,0.11696779727935791,-1.1993701457977295,-1.0898408889770508
2024-11-26 17:12:21.369192,0.668190278000111,0.11967188119888306,0.11697137355804443,-1.1872882843017578,-1.0895133018493652
2024-11-26 17:12:21.371972,0.6713203800009069,0.11968794465065002,0.11696624755859375,-1.1840765476226807,-1.1052860021591187
2024-11-26 17:12:21.374431,0.6743074109999725,0.11968833208084106,0.1169930100440979,-1.195765495300293,-1.0838273763656616
2024-11-26 17:12:21.377339,0.6765229200009344,0.11968284845352173,0.11698448657989502,-1.191281795501709,-1.1083885431289673
2024-11-26 17:12:21.379695,0.6794696190008835,0.11967724561691284,0.11696648597717285,-1.1783702373504639,-1.0871758460998535
2024-11-26 17:12:21.382713,0.6817941259996587,0.11968329548835754,0.11698591709136963,-1.1764205694198608,-1.0946040153503418
2024-11-26 17:12:21.384956,0.6848540999999386,0.11967805027961731,0.11699116230010986,-1.184053659439087,-1.1258329153060913
2024-11-26 17:12:21.387182,0.687070109999695,0.11968293786048889,0.11695307493209839,-1.1771167516708374,-1.105455756187439
2024-11-26 17:12:21.390295,0.6901088440008607,0.11968594789505005,0.1169784665107727,-1.1934380531311035,-1.0845136642456055
2024-11-26 17:12:21.392943,0.6924242400000367,0.119678795337677,0.11697834730148315,-1.2199658155441284,-1.1236027479171753
2024-11-26 17:12:21.395069,0.6950913150012639,0.11967599391937256,0.1169843077659607,-1.179652452468872,-1.103907585144043
2024-11-26 17:12:21.398227,0.6972027900010289,0.1196812093257904,0.11698389053344727,-1.1832045316696167,-1.1086430549621582
2024-11-26 17:12:21.400432,0.7003909830000339,0.11968237161636353,0.11696887016296387,-1.1883876323699951,-1.106410264968872
2024-11-26 17:12:21.402691,0.7026413809999212,0.11967357993125916,0.11696213483810425,-1.1928497552871704,-1.092855453491211
2024-11-26 17:12:21.404804,0.7047803740006202,0.11967134475708008,0.11697781085968018,-1.1748639345169067,-1.0983158349990845
2024-11-26 17:12:21.407551,0.7068809419997706,0.1196601390838623,0.11699092388153076,-1.1756680011749268,-1.1147739887237549
2024-11-26 17:12:21.410549,0.7097505490000913,0.1196838915348053,0.11695307493209839,-1.173134684562683,-1.1033337116241455
2024-11-26 17:12:21.413084,0.7128394110004592,0.11967772245407104,0.11695951223373413,-1.204016923904419,-1.0740795135498047
2024-11-26 17:12:21.415246,0.7152079000006779,0.11968737840652466,0.11698377132415771,-1.1785423755645752,-1.0999417304992676
2024-11-26 17:12:21.418357,0.7173387820002972,0.11967349052429199,0.11697381734848022,-1.1891158819198608,-1.126825213432312
2024-11-26 17:12:21.420568,0.7204891239998688,0.11967524886131287,0.11699044704437256,-1.1766459941864014,-1.0955286026000977
2024-11-26 17:12:21.423712,0.722683264000807,0.11968567967414856,0.11698007583618164,-1.1752893924713135,-1.1275209188461304
2024-11-26 17:12:21.425931,0.7258417169996392,0.1196809709072113,0.11698776483535767,-1.1951911449432373,-1.1055387258529663
2024-11-26 17:12:21.428200,0.7281897060001938,0.11966690421104431,0.11697524785995483,-1.182456612586975,-1.1158853769302368
2024-11-26 17:12:21.430217,0.7302787370008446,0.11966845393180847,0.11698395013809204,-1.155394196510315,-1.1023986339569092
2024-11-26 17:12:21.433371,0.7322802140006388,0.11966735124588013,0.11698031425476074,-1.1903616189956665,-1.1089894771575928
2024-11-26 17:12:21.435490,0.7355128320014046,0.11969032883644104,0.11697882413864136,-1.179319143295288,-1.0952872037887573
2024-11-26 17:12:21.437874,0.7377875450001738,0.1196865439414978,0.11697942018508911,-1.197656273841858,-1.1197459697723389
2024-11-26 17:12:21.440989,0.7399869250002666,0.11966890096664429,0.11697834730148315,-1.1711972951889038,-1.114920735359192
2024-11-26 17:12:21.443703,0.743256839001333,0.11968168616294861,0.11696809530258179,-1.1742576360702515,-1.104019284248352
2024-11-26 17:12:21.446731,0.7458328410011745,0.11967930197715759,0.11696732044219971,-1.1823302507400513,-1.093468427658081
2024-11-26 17:12:21.448969,0.7488877600007982,0.11966902017593384,0.11697280406951904,-1.1908023357391357,-1.1185333728790283
2024-11-26 17:12:21.451193,0.7510628630006977,0.1196555495262146,0.11697715520858765,-1.177807092666626,-1.1008267402648926
2024-11-26 17:12:21.454107,0.7533308720012428,0.11966407299041748,0.11698240041732788,-1.1957567930221558,-1.1182200908660889
2024-11-26 17:12:21.456429,0.7562445340008708,0.11969029903411865,0.11698293685913086,-1.1915351152420044,-1.0918442010879517
2024-11-26 17:12:21.458440,0.758509043000231,0.11968255043029785,0.11697632074356079,-1.191200613975525,-1.0913925170898438
2024-11-26 17:12:21.461447,0.7604985569996643,0.11968919634819031,0.11696875095367432,-1.1829438209533691,-1.1016829013824463
2024-11-26 17:12:21.463699,0.7635702340012358,0.11966297030448914,0.11697995662689209,-1.1954982280731201,-1.0927963256835938
2024-11-26 17:12:21.465808,0.7657856890000403,0.11968609690666199,0.11697351932525635,-1.1376692056655884,-1.1123216152191162
2024-11-26 17:12:21.468560,0.767890516000989,0.11966025829315186,0.11696577072143555,-1.2057982683181763,-1.090537190437317
2024-11-26 17:12:21.471622,0.7706886619998841,0.11967667937278748,0.11698800325393677,-1.1512120962142944,-1.091346263885498
2024-11-26 17:12:21.473922,0.7738459110005351,0.11967787146568298,0.11698615550994873,-1.1911104917526245,-1.124314308166504
2024-11-26 17:12:21.476306,0.7760827720012458,0.11968567967414856,0.11697083711624146,-1.1882075071334839,-1.1041518449783325
2024-11-26 17:12:21.478325,0.7783886320012243,0.11967715620994568,0.11698991060256958,-1.1944063901901245,-1.0993577241897583
2024-11-26 17:12:21.480445,0.7803905720011244,0.11968347430229187,0.11696583032608032,-1.1602150201797485,-1.1380733251571655
2024-11-26 17:12:21.482562,0.7825620280000294,0.1196659505367279,0.11698877811431885,-1.1864941120147705,-1.0930417776107788
2024-11-26 17:12:21.484600,0.7846167440002318,0.11967551708221436,0.11697453260421753,-1.1669281721115112,-1.1196012496948242
2024-11-26 17:12:21.486829,0.7868356239996501,0.11967197060585022,0.1169811487197876,-1.1840693950653076,-1.08011794090271
2024-11-26 17:12:21.488839,0.7889210630000889,0.11969003081321716,0.11699533462524414,-1.1678298711776733,-1.0935603380203247
2024-11-26 17:12:21.491202,0.7909078370012139,0.1196717917919159,0.11697220802307129,-1.2017730474472046,-1.110909104347229
2024-11-26 17:12:21.493477,0.7933564530012518,0.11968371272087097,0.11698311567306519,-1.156445860862732,-1.1003366708755493
2024-11-26 17:12:21.495963,0.7955670740011556,0.1196901798248291,0.1169579029083252,-1.1731408834457397,-1.1096936464309692
2024-11-26 17:12:21.498054,0.7980584480010293,0.11968153715133667,0.11697036027908325,-1.1882190704345703,-1.0864574909210205
2024-11-26 17:12:21.500352,0.8001195540000481,0.11967864632606506,0.11697572469711304,-1.1744884252548218,-1.1029547452926636
2024-11-26 17:12:21.502454,0.8024243769996247,0.11968165636062622,0.11699026823043823,-1.1738840341567993,-1.1069746017456055
2024-11-26 17:12:21.504499,0.8045416660006595,0.11965373158454895,0.11697125434875488,-1.1936074495315552,-1.1104909181594849
2024-11-26 17:12:21.506579,0.8065674210010911,0.1196843683719635,0.1169966459274292,-1.1597200632095337,-1.104609727859497
2024-11-26 17:12:21.508586,0.8086477850010851,0.11968159675598145,0.11698907613754272,-1.2022066116333008,-1.1336567401885986
2024-11-26 17:12:21.510588,0.8106454660010058,0.1196870505809784,0.11696875095367432,-1.1682459115982056,-1.0968012809753418
2024-11-26 17:12:21.512731,0.8126842760011641,0.11966261267662048,0.11698591709136963,-1.1791232824325562,-1.0900012254714966
2024-11-26 17:12:21.514871,0.8148099910013116,0.11968788504600525,0.11698752641677856,-1.152635097503662,-1.1172163486480713
2024-11-26 17:12:21.517051,0.817050982001092,0.11969101428985596,0.11698395013809204,-1.1890137195587158,-1.0945165157318115
2024-11-26 17:12:21.519165,0.8191680500003713,0.11968275904655457,0.11699026823043823,-1.1743438243865967,-1.094382643699646
2024-11-26 17:12:21.521320,0.821268580000833,0.11966511607170105,0.11698204278945923,-1.1663179397583008,-1.1034902334213257
2024-11-26 17:12:21.523835,0.8234089060006227,0.11967217922210693,0.11699670553207397,-1.1694376468658447,-1.1033936738967896
2024-11-26 17:12:21.526091,0.8260939810006676,0.119681715965271,0.11698180437088013,-1.1938564777374268,-1.1018612384796143
2024-11-26 17:12:21.528217,0.8281717900008516,0.11968177556991577,0.11698728799819946,-1.2028964757919312,-1.1046468019485474
2024-11-26 17:12:21.530314,0.8303036340003018,0.11969131231307983,0.11697500944137573,-1.1829123497009277,-1.1057331562042236
2024-11-26 17:12:21.532450,0.8324099060009758,0.11968925595283508,0.11696529388427734,-1.1816402673721313,-1.0874947309494019
2024-11-26 17:12:21.534711,0.8345407140004681,0.11968845129013062,0.11699408292770386,-1.181444764137268,-1.097744345664978
2024-11-26 17:12:21.536953,0.8367963150012656,0.119688481092453,0.11698800325393677,-1.1779237985610962,-1.1266825199127197
2024-11-26 17:12:21.539101,0.8390602500003297,0.11967411637306213,0.11697322130203247,-1.1773221492767334,-1.0938161611557007
2024-11-26 17:12:21.541360,0.8412028540005849,0.11967751383781433,0.11699032783508301,-1.171337366104126,-1.0818897485733032
2024-11-26 17:12:21.544076,0.8434747510000307,0.11968681216239929,0.11697489023208618,-1.18661630153656,-1.1111565828323364
2024-11-26 17:12:21.546201,0.8461958620009682,0.11968457698822021,0.11695951223373413,-1.203943133354187,-1.0872023105621338
2024-11-26 17:12:21.548217,0.8482720600004541,0.1196889579296112,0.11698216199874878,-1.1810699701309204,-1.093465805053711
2024-11-26 17:12:21.550440,0.8504625700006727,0.11967277526855469,0.11696743965148926,-1.1643524169921875,-1.1245677471160889
2024-11-26 17:12:21.552456,0.8525347129998408,0.11967885494232178,0.11698591709136963,-1.1880344152450562,-1.0995618104934692
2024-11-26 17:12:21.554597,0.854514726999696,0.11966904997825623,0.11698198318481445,-1.1926300525665283,-1.1137549877166748
2024-11-26 17:12:21.556946,0.8566854050004622,0.11966699361801147,0.11696803569793701,-1.1885124444961548,-1.093226432800293
2024-11-26 17:12:21.559341,0.8590555589998985,0.11967834830284119,0.11697041988372803,-1.1875684261322021,-1.0853785276412964
2024-11-26 17:12:21.561562,0.8614518619997398,0.11968117952346802,0.1169690489768982,-1.1925773620605469,-1.100765347480774
2024-11-26 17:12:21.563685,0.8636527050002769,0.11968335509300232,0.11697477102279663,-1.1733933687210083,-1.100085735321045
2024-11-26 17:12:21.565806,0.8657580320013949,0.11965826153755188,0.11698728799819946,-1.1844971179962158,-1.1053632497787476
2024-11-26 17:12:21.568093,0.8678871550000622,0.11967265605926514,0.11697936058044434,-1.149738073348999,-1.1056499481201172
2024-11-26 17:12:21.570218,0.8702065329998732,0.11969059705734253,0.11697101593017578,-1.189821481704712,-1.0977672338485718
2024-11-26 17:12:21.572453,0.8723085270012234,0.11968126893043518,0.11698246002197266,-1.2076077461242676,-1.092787265777588
2024-11-26 17:12:21.574600,0.8745652390007308,0.11967089772224426,0.1169845461845398,-1.1815645694732666,-1.107764482498169
2024-11-26 17:12:21.576799,0.8767046949997166,0.1196906566619873,0.11697858572006226,-1.1660583019256592,-1.1184260845184326
2024-11-26 17:12:21.579198,0.8789486860005127,0.11966338753700256,0.11696457862854004,-1.1877442598342896,-1.1014153957366943
2024-11-26 17:12:21.581332,0.8813282850005635,0.11966812610626221,0.11698240041732788,-1.1695252656936646,-1.1069825887680054
2024-11-26 17:12:21.583584,0.8834152970011928,0.11968857049942017,0.11698943376541138,-1.2054600715637207,-1.114057183265686
2024-11-26 17:12:21.585683,0.8856675469996844,0.11966869235038757,0.11696082353591919,-1.2073115110397339,-1.084369421005249
2024-11-26 17:12:21.587756,0.8877612819997012,0.11967232823371887,0.11698442697525024,-1.1841590404510498,-1.0867078304290771
2024-11-26 17:12:21.589818,0.8898541460002889,0.11967074871063232,0.11698406934738159,-1.1776500940322876,-1.100877046585083
2024-11-26 17:12:21.592067,0.8918763820001914,0.11968657374382019,0.11697381734848022,-1.1642755270004272,-1.1022852659225464
2024-11-26 17:12:21.594351,0.8943124800007354,0.11969080567359924,0.11697399616241455,-1.2063076496124268,-1.1111297607421875
2024-11-26 17:12:21.596470,0.8964331950010092,0.1196657121181488,0.11697685718536377,-1.1765904426574707,-1.09423828125
2024-11-26 17:12:21.598831,0.8985439480002242,0.11967834830284119,0.1169857382774353,-1.1626262664794922,-1.0964173078536987
2024-11-26 17:12:21.601100,0.9009301950009103,0.11968082189559937,0.11697530746459961,-1.1816563606262207,-1.1275389194488525
2024-11-26 17:12:21.603212,0.9032112029999553,0.11967101693153381,0.11697196960449219,-1.1900250911712646,-1.1017693281173706
2024-11-26 17:12:21.605321,0.9053037710000353,0.11966848373413086,0.11697238683700562,-1.1820870637893677,-1.114129900932312
2024-11-26 17:12:21.607371,0.9074050239996723,0.11968529224395752,0.11698251962661743,-1.1709511280059814,-1.12047278881073
2024-11-26 17:12:21.609427,0.9094411120004224,0.11966773867607117,0.116982102394104,-1.166890025138855,-1.1100832223892212
2024-11-26 17:12:21.611688,0.9114880140004971,0.11966457962989807,0.11696600914001465,-1.1714730262756348,-1.1004563570022583
2024-11-26 17:12:21.613933,0.913929778000238,0.11968231201171875,0.11697208881378174,-1.1930246353149414,-1.0908902883529663
2024-11-26 17:12:21.616061,0.9159928280005261,0.1196887195110321,0.11697161197662354,-1.2100356817245483,-1.1166843175888062
2024-11-26 17:12:21.618366,0.9181281729997863,0.11966696381568909,0.11697632074356079,-1.1811449527740479,-1.1076397895812988
2024-11-26 17:12:21.620476,0.9204921979999199,0.11966642737388611,0.11696845293045044,-1.1771519184112549,-1.1080490350723267
2024-11-26 17:12:21.622722,0.9226811720000114,0.11968842148780823,0.11696529388427734,-1.1659551858901978,-1.0761239528656006
2024-11-26 17:12:21.624845,0.9248019799997564,0.11968642473220825,0.11697304248809814,-1.1997467279434204,-1.0959128141403198
2024-11-26 17:12:21.626863,0.9269125290011289,0.11968329548835754,0.11697113513946533,-1.1978157758712769,-1.1126967668533325
2024-11-26 17:12:21.629416,0.928945431000102,0.11968052387237549,0.11696338653564453,-1.186872959136963,-1.099756121635437
2024-11-26 17:12:21.632274,0.9315889879999304,0.1196797788143158,0.11698698997497559,-1.1760015487670898,-1.099229335784912
2024-11-26 17:12:21.634941,0.9344587249997858,0.11968770623207092,0.1169859766960144,-1.1819654703140259,-1.1203316450119019
2024-11-26 17:12:21.637900,0.9371674280009756,0.11969012022018433,0.11698728799819946,-1.188496470451355,-1.1065618991851807
2024-11-26 17:12:21.640544,0.9400828119996731,0.11967441439628601,0.11696547269821167,-1.1958038806915283,-1.0939416885375977
2024-11-26 17:12:21.643418,0.9427743870000995,0.11966890096664429,0.1169595718383789,-1.1869289875030518,-1.0895147323608398
2024-11-26 17:12:21.645482,0.9455510509997112,0.11967524886131287,0.11698395013809204,-1.177657127380371,-1.0920798778533936
2024-11-26 17:12:21.647702,0.9475570100003097,0.11969152092933655,0.11697977781295776,-1.17587411403656,-1.10344660282135
2024-11-26 17:12:21.649716,0.9497905380012526,0.1196674108505249,0.11699879169464111,-1.1878232955932617,-1.0945351123809814
2024-11-26 17:12:21.651860,0.9517878300011944,0.119681715965271,0.11698120832443237,-1.1696773767471313,-1.1142972707748413
2024-11-26 17:12:21.653948,0.9539505080010713,0.1196671724319458,0.11699193716049194,-1.1875041723251343,-1.0857484340667725
2024-11-26 17:12:21.656054,0.9560113910010841,0.11968782544136047,0.11696797609329224,-1.177037000656128,-1.1182973384857178
2024-11-26 17:12:21.658181,0.9581927529998211,0.1196814477443695,0.11697661876678467,-1.210388422012329,-1.079528570175171
2024-11-26 17:12:21.660293,0.9602367480001703,0.11969131231307983,0.11696034669876099,-1.1884173154830933,-1.0991488695144653
2024-11-26 17:12:21.662737,0.9624480540005607,0.11968687176704407,0.11696916818618774,-1.2043577432632446,-1.0835437774658203
2024-11-26 17:12:21.664839,0.9648610050007846,0.11968481540679932,0.116965651512146,-1.1853190660476685,-1.1248451471328735
2024-11-26 17:12:21.666846,0.96691299899976,0.11969059705734253,0.11696511507034302,-1.1940962076187134,-1.0899864435195923
2024-11-26 17:12:21.668974,0.9689264759999787,0.11968833208084106,0.11695718765258789,-1.187893033027649,-1.1209981441497803
2024-11-26 17:12:21.671056,0.971048414001416,0.11969056725502014,0.11699551343917847,-1.1788139343261719,-1.0971225500106812
2024-11-26 17:12:21.673062,0.9731352779999725,0.11968132853507996,0.11699074506759644,-1.1733322143554688,-1.1260679960250854
2024-11-26 17:12:21.675060,0.9751139410000178,0.11967667937278748,0.11697828769683838,-1.1791871786117554,-1.0947514772415161
2024-11-26 17:12:21.677185,0.9771437330000481,0.11967894434928894,0.11698448657989502,-1.1686571836471558,-1.0925027132034302
2024-11-26 17:12:21.679178,0.9792552260005323,0.11968821287155151,0.11698788404464722,-1.198782205581665,-1.1162917613983154
2024-11-26 17:12:21.681411,0.981264646999989,0.11968231201171875,0.11699908971786499,-1.193026065826416,-1.1065700054168701
2024-11-26 17:12:21.683688,0.9835628780001571,0.11967551708221436,0.11697542667388916,-1.1778433322906494,-1.104001522064209
2024-11-26 17:12:21.685865,0.9857610920007573,0.11966615915298462,0.11696439981460571,-1.1880837678909302,-1.1030973196029663
2024-11-26 17:12:21.688075,0.9879432870002347,0.11968675255775452,0.11696791648864746,-1.1805133819580078,-1.101547360420227
2024-11-26 17:12:21.690089,0.9901466680003068,0.11969071626663208,0.11698591709136963,-1.1923394203186035,-1.1185637712478638
2024-11-26 17:12:21.692365,0.9922834380013228,0.11967554688453674,0.11695647239685059,-1.1657602787017822,-1.1040958166122437
2024-11-26 17:12:21.694583,0.9945193370003835,0.11968901753425598,0.11698031425476074,-1.185133934020996,-1.0833889245986938
2024-11-26 17:12:21.696705,0.9966822550013603,0.11967402696609497,0.11699700355529785,-1.1951079368591309,-1.1254513263702393
2024-11-26 17:12:21.698823,0.9987940450009773,0.11968904733657837,0.11696547269821167,-1.178642988204956,-1.1143018007278442
2024-11-26 17:12:21.701203,1.00092120500085,0.11965963244438171,0.11696910858154297,-1.1873984336853027,-1.077681541442871
2024-11-26 17:12:21.703459,1.0033135260000563,0.11969134211540222,0.1169743537902832,-1.1716556549072266,-1.1125259399414062
2024-11-26 17:12:21.705686,1.0055819230001362,0.11966565251350403,0.11696505546569824,-1.190443992614746,-1.1092500686645508
2024-11-26 17:12:21.707817,1.0077740080014337,0.11967873573303223,0.11696308851242065,-1.1703202724456787,-1.0959073305130005
2024-11-26 17:12:21.710020,1.0099172970003565,0.11967292428016663,0.1169736385345459,-1.2052280902862549,-1.0917216539382935
2024-11-26 17:12:21.712225,1.012103326000215,0.11969095468521118,0.11696857213973999,-1.1672316789627075,-1.1320154666900635
2024-11-26 17:12:21.714340,1.0143280760003108,0.11968564987182617,0.11698764562606812,-1.182499885559082,-1.0940744876861572
2024-11-26 17:12:21.716461,1.0164059960006853,0.11968865990638733,0.11698538064956665,-1.1888515949249268,-1.1043092012405396
2024-11-26 17:12:21.718467,1.0185442300007708,0.11967244744300842,0.11698555946350098,-1.1869018077850342,-1.0768213272094727
2024-11-26 17:12:21.720561,1.0205299660010496,0.11968913674354553,0.11696493625640869,-1.163396954536438,-1.113122582435608
2024-11-26 17:12:21.722864,1.022706644000209,0.1196768581867218,0.11698359251022339,-1.184865951538086,-1.0712559223175049
2024-11-26 17:12:21.725074,1.0249940590001643,0.11966800689697266,0.11695235967636108,-1.1827991008758545,-1.1094266176223755
2024-11-26 17:12:21.727186,1.027161033000084,0.11967089772224426,0.11698657274246216,-1.1689728498458862,-1.0929718017578125
2024-11-26 17:12:21.729214,1.029298026000106,0.11967277526855469,0.11697041988372803,-1.2147443294525146,-1.1196190118789673
2024-11-26 17:12:21.731454,1.0314212970006338,0.11969166994094849,0.11697763204574585,-1.1813979148864746,-1.0901753902435303
2024-11-26 17:12:21.733465,1.0335339940011181,0.11967134475708008,0.11697649955749512,-1.209354281425476,-1.1042237281799316
2024-11-26 17:12:21.735609,1.0355216010011645,0.11969029903411865,0.11699563264846802,-1.1618057489395142,-1.0942655801773071
2024-11-26 17:12:21.737572,1.0376706500010187,0.11969032883644104,0.11699479818344116,-1.1922026872634888,-1.113694667816162
2024-11-26 17:12:21.739809,1.039649387001191,0.11968454718589783,0.11699169874191284,-1.1807708740234375,-1.0932530164718628
2024-11-26 17:12:21.742254,1.0418676000008418,0.11968997120857239,0.11695873737335205,-1.1774327754974365,-1.088149070739746
2024-11-26 17:12:21.744696,1.044385418001184,0.11968716979026794,0.11699318885803223,-1.1963847875595093,-1.0823734998703003
2024-11-26 17:12:21.746846,1.0468101280002884,0.11967509984970093,0.11697334051132202,-1.202728271484375,-1.122796893119812
2024-11-26 17:12:21.749026,1.0489196770013223,0.11968642473220825,0.11698406934738159,-1.1673325300216675,-1.0935511589050293
2024-11-26 17:12:21.751245,1.05116085300142,0.1196785569190979,0.11697876453399658,-1.1791237592697144,-1.1103260517120361
2024-11-26 17:12:21.753320,1.053352177999841,0.11967360973358154,0.11697763204574585,-1.184912085533142,-1.0983293056488037
2024-11-26 17:12:21.755363,1.055416041999706,0.11968043446540833,0.11697477102279663,-1.1863110065460205,-1.1133406162261963
2024-11-26 17:12:21.757432,1.0574368529996718,0.11967340111732483,0.11699330806732178,-1.1910598278045654,-1.1006461381912231
2024-11-26 17:12:21.759449,1.0594918469996628,0.11968556046485901,0.11699491739273071,-1.188183069229126,-1.1207170486450195
2024-11-26 17:12:21.761449,1.061514619999798,0.11968091130256653,0.1169784665107727,-1.1731771230697632,-1.1038944721221924
2024-11-26 17:12:21.763526,1.0635083570014103,0.1196909248828888,0.11698132753372192,-1.1775624752044678,-1.0711488723754883
2024-11-26 17:12:21.765937,1.0658513460002723,0.11968648433685303,0.11699050664901733,-1.2072489261627197,-1.105905294418335
2024-11-26 17:12:21.768070,1.0680224120005732,0.11967706680297852,0.11698323488235474,-1.1786129474639893,-1.1241035461425781
2024-11-26 17:12:21.770088,1.0701524980013346,0.11965909600257874,0.11698484420776367,-1.1838903427124023,-1.1062761545181274
2024-11-26 17:12:21.772199,1.072147364000557,0.11964961886405945,0.11697632074356079,-1.169810175895691,-1.1120914220809937
2024-11-26 17:12:21.774439,1.0743177630010905,0.11969158053398132,0.11697208881378174,-1.1920454502105713,-1.0981864929199219
2024-11-26 17:12:21.776489,1.0765077920004842,0.1196814477443695,0.11699551343917847,-1.2085423469543457,-1.1017839908599854
2024-11-26 17:12:21.778571,1.0785569720010244,0.11968076229095459,0.11695802211761475,-1.1896218061447144,-1.1296621561050415
2024-11-26 17:12:21.780579,1.0806432070003211,0.1196756362915039,0.11697417497634888,-1.1927253007888794,-1.0739176273345947
2024-11-26 17:12:21.782723,1.0827418669996405,0.11968320608139038,0.11698836088180542,-1.1921430826187134,-1.1097631454467773
2024-11-26 17:12:21.784991,1.084804232001261,0.11968198418617249,0.11698216199874878,-1.1818996667861938,-1.1041390895843506
2024-11-26 17:12:21.787096,1.0871024250009214,0.11969020962715149,0.1169813871383667,-1.1754138469696045,-1.1054105758666992
2024-11-26 17:12:21.789219,1.0892307890007942,0.11967846751213074,0.1169811487197876,-1.1983071565628052,-1.1016995906829834
2024-11-26 17:12:21.791379,1.0913090049998573,0.11965429782867432,0.11697888374328613,-1.1737998723983765,-1.0893734693527222
2024-11-26 17:12:21.793677,1.0934579980003036,0.11966103315353394,0.11696183681488037,-1.1679718494415283,-1.1051007509231567
2024-11-26 17:12:21.795867,1.095816745000775,0.11966833472251892,0.11698108911514282,-1.1780152320861816,-1.0827587842941284
2024-11-26 17:12:21.798071,1.0979567570011568,0.11967357993125916,0.1169736385345459,-1.1738171577453613,-1.1149866580963135
2024-11-26 17:12:21.800185,1.100143878000381,0.11967450380325317,0.1169964075088501,-1.2016710042953491,-1.1085883378982544
2024-11-26 17:12:21.802218,1.1022503900003358,0.11965912580490112,0.11697393655776978,-1.193763256072998,-1.1138073205947876
2024-11-26 17:12:21.804219,1.1042995330008125,0.11967259645462036,0.1169891357421875,-1.171592354774475,-1.0904388427734375
2024-11-26 17:12:21.806466,1.1062851960014086,0.11969169974327087,0.11697232723236084,-1.176218867301941,-1.1177574396133423
2024-11-26 17:12:21.808701,1.1085708520004118,0.11968845129013062,0.11698198318481445,-1.2058050632476807,-1.0885145664215088
2024-11-26 17:12:21.810702,1.1107705850008642,0.11967450380325317,0.11696416139602661,-1.1769721508026123,-1.112737774848938
2024-11-26 17:12:21.812937,1.1128596710004786,0.1196850836277008,0.1169862151145935,-1.1737372875213623,-1.101338267326355
2024-11-26 17:12:21.814939,1.115017534000799,0.11967989802360535,0.11698126792907715,-1.1806446313858032,-1.119356393814087
2024-11-26 17:12:21.816932,1.1169979930000409,0.11968874931335449,0.11698538064956665,-1.1958717107772827,-1.0982578992843628
2024-11-26 17:12:21.818955,1.1190028590008296,0.11966940760612488,0.11696982383728027,-1.1917375326156616,-1.1201024055480957
2024-11-26 17:12:21.820950,1.121030595000775,0.11968046426773071,0.11696690320968628,-1.1706608533859253,-1.088477373123169
2024-11-26 17:12:21.823095,1.123014017000969,0.11968949437141418,0.11697274446487427,-1.1995503902435303,-1.1043237447738647
2024-11-26 17:12:21.825234,1.1252083609997499,0.11967620253562927,0.11697137355804443,-1.1816737651824951,-1.1007874011993408
2024-11-26 17:12:21.827545,1.1273777980004525,0.11968746781349182,0.11696171760559082,-1.1808068752288818,-1.1124831438064575
2024-11-26 17:12:21.829601,1.1296546390003641,0.11969083547592163,0.1169770359992981,-1.201714277267456,-1.0903983116149902
2024-11-26 17:12:21.831867,1.131688782999845,0.11968335509300232,0.1169654130935669,-1.204192042350769,-1.1158448457717896
2024-11-26 17:12:21.834097,1.1341547499996523,0.11967480182647705,0.11696606874465942,-1.1970237493515015,-1.0849077701568604
2024-11-26 17:12:21.836190,1.1361703200000193,0.11968877911567688,0.11699634790420532,-1.1833922863006592,-1.1052361726760864
2024-11-26 17:12:21.838454,1.1382704250008828,0.11967012286186218,0.11698299646377563,-1.2036765813827515,-1.1156622171401978
2024-11-26 17:12:21.840577,1.1405314149997139,0.11967378854751587,0.11699259281158447,-1.1663936376571655,-1.099422574043274
2024-11-26 17:12:21.843077,1.1427900350008713,0.11967086791992188,0.11696833372116089,-1.1857585906982422,-1.1140285730361938
2024-11-26 17:12:21.845341,1.145229855001162,0.11967471241950989,0.11698555946350098,-1.1976648569107056,-1.0906462669372559
2024-11-26 17:12:21.847644,1.1474745490013447,0.11967465281486511,0.11698538064956665,-1.1976573467254639,-1.1039609909057617
2024-11-26 17:12:21.849721,1.1497707800008357,0.11969104409217834,0.11696946620941162,-1.183557152748108,-1.1090259552001953
2024-11-26 17:12:21.851902,1.1517854600006103,0.11967772245407104,0.11698132753372192,-1.1983184814453125,-1.0836936235427856
2024-11-26 17:12:21.853944,1.1539838780008722,0.11967825889587402,0.1169854998588562,-1.1882882118225098,-1.1106098890304565
2024-11-26 17:12:21.855959,1.1559933549997368,0.1196761429309845,0.1169920563697815,-1.2015678882598877,-1.1182420253753662
2024-11-26 17:12:21.857983,1.15802888700091,0.11968386173248291,0.11696112155914307,-1.1769191026687622,-1.125010371208191
2024-11-26 17:12:21.860076,1.1600353459998587,0.11967653036117554,0.11699181795120239,-1.1819806098937988,-1.0743991136550903
2024-11-26 17:12:21.862187,1.162156579999646,0.11967816948890686,0.116993248462677,-1.196922779083252,-1.126041054725647
2024-11-26 17:12:21.864222,1.1642685730002995,0.11967909336090088,0.1170009970664978,-1.1792014837265015,-1.1102790832519531
2024-11-26 17:12:21.866213,1.1662928639998427,0.11966970562934875,0.11698800325393677,-1.168348789215088,-1.1110121011734009
2024-11-26 17:12:21.868583,1.1684185240010265,0.11968567967414856,0.11696922779083252,-1.1688190698623657,-1.0934064388275146
2024-11-26 17:12:21.870872,1.1706835889999638,0.11967426538467407,0.11698246002197266,-1.1722118854522705,-1.0914911031723022
2024-11-26 17:12:21.872983,1.1729992079999647,0.11967536807060242,0.11698514223098755,-1.175525188446045,-1.1108025312423706
2024-11-26 17:12:21.875075,1.1750677760010149,0.11969035863876343,0.11695939302444458,-1.1726075410842896,-1.1023900508880615
2024-11-26 17:12:21.877222,1.1771776030000183,0.11968353390693665,0.11695975065231323,-1.184855580329895,-1.0884630680084229
2024-11-26 17:12:21.879242,1.1792971329996362,0.11968281865119934,0.11697274446487427,-1.1708976030349731,-1.1205196380615234
2024-11-26 17:12:21.881363,1.1813080920001084,0.11968979239463806,0.11698007583618164,-1.1761945486068726,-1.1026315689086914
2024-11-26 17:12:21.883377,1.1834345110000868,0.11966952681541443,0.11698490381240845,-1.191609501838684,-1.1110937595367432
2024-11-26 17:12:21.885461,1.1854366170009598,0.11966004967689514,0.11698603630065918,-1.1754649877548218,-1.0942109823226929
2024-11-26 17:12:21.887467,1.187518426000679,0.11968666315078735,0.11697220802307129,-1.180749773979187,-1.10236394405365
2024-11-26 17:12:21.889596,1.189534311000898,0.11968716979026794,0.11700290441513062,-1.1943058967590332,-1.0947574377059937
2024-11-26 17:12:21.891996,1.1917030810000142,0.11967828869819641,0.11696749925613403,-1.1825859546661377,-1.1183407306671143
2024-11-26 17:12:21.894147,1.1941038639997714,0.11969035863876343,0.11699271202087402,-1.2017779350280762,-1.080465316772461
2024-11-26 17:12:21.896340,1.196292448999884,0.11967357993125916,0.11698627471923828,-1.1782397031784058,-1.106574296951294
2024-11-26 17:12:21.898470,1.198428405001323,0.11967945098876953,0.1169777512550354,-1.1701949834823608,-1.105472445487976
2024-11-26 17:12:21.900458,1.200536528000157,0.1196831464767456,0.11698174476623535,-1.1903903484344482,-1.0993088483810425
2024-11-26 17:12:21.902608,1.2026589659999445,0.1196911633014679,0.11699455976486206,-1.1956095695495605,-1.1141332387924194
2024-11-26 17:12:21.904690,1.204689201000292,0.11968082189559937,0.11696743965148926,-1.1860195398330688,-1.1146515607833862
2024-11-26 17:12:21.906733,1.2067494740003895,0.11968716979026794,0.11696386337280273,-1.19141685962677,-1.0853501558303833
2024-11-26 17:12:21.908888,1.2088094870014174,0.11968982219696045,0.1169787049293518,-1.183737874031067,-1.0902597904205322
2024-11-26 17:12:21.911075,1.2110534960011137,0.11967483162879944,0.11696755886077881,-1.1916743516921997,-1.1032133102416992
2024-11-26 17:12:21.913230,1.2131994150004175,0.11969095468521118,0.11696559190750122,-1.1736470460891724,-1.0907249450683594
2024-11-26 17:12:21.915509,1.2153095560006477,0.1196846067905426,0.11696416139602661,-1.1990702152252197,-1.1050466299057007
2024-11-26 17:12:21.917746,1.217578935000347,0.11967474222183228,0.11699682474136353,-1.184584617614746,-1.1002390384674072
2024-11-26 17:12:21.919938,1.219868629001212,0.1196829080581665,0.11698251962661743,-1.1689002513885498,-1.1225731372833252
2024-11-26 17:12:21.922349,1.2221792480013391,0.11968392133712769,0.11697286367416382,-1.1924488544464111,-1.094201922416687
2024-11-26 17:12:21.924460,1.2244714410007873,0.11969110369682312,0.11697655916213989,-1.2004908323287964,-1.0909727811813354
2024-11-26 17:12:21.926692,1.2265333249997639,0.11967960000038147,0.1169775128364563,-1.1751294136047363,-1.1036310195922852
2024-11-26 17:12:21.928729,1.228784259999884,0.11968651413917542,0.11697936058044434,-1.1855354309082031,-1.0937516689300537
2024-11-26 17:12:21.931099,1.2307953480012657,0.11968877911567688,0.11697542667388916,-1.1805627346038818,-1.0946065187454224
2024-11-26 17:12:21.933651,1.2332658710001851,0.11968684196472168,0.11699128150939941,-1.1865296363830566,-1.1074886322021484
2024-11-26 17:12:21.936280,1.2358727240007283,0.11967957019805908,0.11697977781295776,-1.1936085224151611,-1.1152863502502441
2024-11-26 17:12:21.938833,1.238436356999955,0.11967116594314575,0.11697942018508911,-1.170691967010498,-1.0891841650009155
2024-11-26 17:12:21.941182,1.240954082000826,0.11969122290611267,0.11699128150939941,-1.172148585319519,-1.0913249254226685
2024-11-26 17:12:21.943389,1.2432643490010378,0.11968451738357544,0.11699259281158447,-1.1887301206588745,-1.1010158061981201
2024-11-26 17:12:21.945819,1.245509710000988,0.11969035863876343,0.11697226762771606,-1.1719017028808594,-1.106916904449463
2024-11-26 17:12:21.947949,1.2479187349999847,0.11964994668960571,0.11696821451187134,-1.1647285223007202,-1.102176308631897
2024-11-26 17:12:21.950157,1.2500376910011255,0.11967629194259644,0.1169816255569458,-1.1758418083190918,-1.1037219762802124
2024-11-26 17:12:21.952482,1.2524019570009841,0.11968451738357544,0.11698424816131592,-1.1911795139312744,-1.1203844547271729
2024-11-26 17:12:21.954716,1.2545986149998498,0.11968275904655457,0.11698073148727417,-1.2068365812301636,-1.097646951675415
2024-11-26 17:12:21.957719,1.2568425509998633,0.11965671181678772,0.11697012186050415,-1.1791938543319702,-1.0860506296157837
2024-11-26 17:12:21.961469,1.2598813399999926,0.11967557668685913,0.1169702410697937,-1.1585252285003662,-1.0838119983673096
2024-11-26 17:12:21.965260,1.263607447999675,0.11969053745269775,0.11697512865066528,-1.1904516220092773,-1.095794916152954
2024-11-26 17:12:21.967467,1.2674212399997487,0.1196875274181366,0.11695867776870728,-1.1814765930175781,-1.0988895893096924
2024-11-26 17:12:21.969729,1.2695872130007047,0.11966568231582642,0.1169690489768982,-1.178597331047058,-1.099918007850647
2024-11-26 17:12:21.972187,1.2718118709999544,0.11967870593070984,0.11697763204574585,-1.1721875667572021,-1.09430730342865
2024-11-26 17:12:21.974248,1.274295635001181,0.11968234181404114,0.11699312925338745,-1.187233805656433,-1.1063811779022217
2024-11-26 17:12:21.976221,1.2763027410001087,0.11968770623207092,0.11698341369628906,-1.1831786632537842,-1.1123831272125244
2024-11-26 17:12:21.978203,1.278283700999964,0.11968562006950378,0.11697852611541748,-1.1920952796936035,-1.0784674882888794
2024-11-26 17:12:21.980356,1.280257086000347,0.11967426538467407,0.1169843077659607,-1.1848481893539429,-1.094030499458313
2024-11-26 17:12:21.982569,1.2825025210004242,0.11967694759368896,0.11698061227798462,-1.188860297203064,-1.1250524520874023
2024-11-26 17:12:21.985061,1.2846540500013361,0.11968100070953369,0.11697578430175781,-1.1870731115341187,-1.100165843963623
2024-11-26 17:12:21.987082,1.2871493510010623,0.11967790126800537,0.11697602272033691,-1.1875956058502197,-1.1185532808303833
2024-11-26 17:12:21.989316,1.2891872720010724,0.11968770623207092,0.1169843077659607,-1.1891804933547974,-1.0917969942092896
2024-11-26 17:12:21.991530,1.2913965589996224,0.11967438459396362,0.11699074506759644,-1.1893411874771118,-1.1190029382705688
2024-11-26 17:12:21.993838,1.2936948639999173,0.11968952417373657,0.11698883771896362,-1.1663627624511719,-1.115462064743042
2024-11-26 17:12:21.996081,1.295928946999993,0.11966553330421448,0.11696726083755493,-1.1879256963729858,-1.0881885290145874
2024-11-26 17:12:21.998225,1.2982001600012154,0.11968374252319336,0.11697345972061157,-1.1771396398544312,-1.0928622484207153
2024-11-26 17:12:22.000441,1.300333782000962,0.11966896057128906,0.11698251962661743,-1.199758529663086,-1.104880928993225
2024-11-26 17:12:22.002473,1.3025562180009729,0.11969125270843506,0.11696958541870117,-1.1733635663986206,-1.1139633655548096
2024-11-26 17:12:22.004563,1.3045368809998763,0.11967131495475769,0.11698257923126221,-1.1790751218795776,-1.1012109518051147
2024-11-26 17:12:22.006602,1.3066379860010784,0.11968374252319336,0.1169920563697815,-1.186244010925293,-1.1170717477798462
2024-11-26 17:12:22.008809,1.3086732770007075,0.119688481092453,0.1169695258140564,-1.1693847179412842,-1.1129587888717651
2024-11-26 17:12:22.010856,1.310886990000654,0.11967432498931885,0.11698180437088013,-1.186347246170044,-1.0895823240280151
2024-11-26 17:12:22.013107,1.3129552810005407,0.11969047784805298,0.11697447299957275,-1.1723287105560303,-1.1085412502288818
2024-11-26 17:12:22.015358,1.3153772500008927,0.11967334151268005,0.11698329448699951,-1.180047631263733,-1.0870074033737183
2024-11-26 17:12:22.017341,1.3174242260010942,0.11966222524642944,0.11696958541870117,-1.1728544235229492,-1.1157736778259277
2024-11-26 17:12:22.019488,1.3194037030007166,0.11968496441841125,0.11698371171951294,-1.1823241710662842,-1.0863912105560303
2024-11-26 17:12:22.021696,1.3215630289996625,0.11967536807060242,0.11698406934738159,-1.1965445280075073,-1.1144752502441406
2024-11-26 17:12:22.023937,1.3237853720002022,0.11969074606895447,0.11699491739273071,-1.1784297227859497,-1.0935391187667847
2024-11-26 17:12:22.025976,1.3260305670009984,0.11969047784805298,0.11697226762771606,-1.1760187149047852,-1.1206765174865723
2024-11-26 17:12:22.028086,1.328036544000497,0.11967796087265015,0.11698555946350098,-1.1852648258209229,-1.0823501348495483
2024-11-26 17:12:22.030089,1.3301534260008339,0.11968842148780823,0.11697852611541748,-1.1695044040679932,-1.1261624097824097
2024-11-26 17:12:22.032187,1.3321500510010083,0.11968711018562317,0.1169513463973999,-1.1903483867645264,-1.0943574905395508
2024-11-26 17:12:22.034445,1.3343048590013495,0.11967718601226807,0.11697685718536377,-1.194916844367981,-1.0853092670440674
2024-11-26 17:12:22.037083,1.3365533680007502,0.11968034505844116,0.11695694923400879,-1.1888068914413452,-1.1176693439483643
2024-11-26 17:12:22.039259,1.3392064979998395,0.11967775225639343,0.11698424816131592,-1.1992741823196411,-1.1036585569381714
2024-11-26 17:12:22.041576,1.3413404540006013,0.11969155073165894,0.11697268486022949,-1.1925885677337646,-1.1180634498596191
2024-11-26 17:12:22.043942,1.3436749060001603,0.11968594789505005,0.11696624755859375,-1.1875473260879517,-1.097615122795105
2024-11-26 17:12:22.046192,1.3460496530005912,0.11967545747756958,0.11697793006896973,-1.1619714498519897,-1.1066163778305054
2024-11-26 17:12:22.048475,1.3483333840013074,0.11967828869819641,0.11698919534683228,-1.177837610244751,-1.1060645580291748
2024-11-26 17:12:22.050604,1.350577171000623,0.1196742057800293,0.11697608232498169,-1.191414713859558,-1.104611873626709
2024-11-26 17:12:22.052990,1.3527715700001863,0.11966773867607117,0.11698698997497559,-1.1774227619171143,-1.0985534191131592
2024-11-26 17:12:22.055193,1.3551746320008533,0.11967647075653076,0.11697345972061157,-1.176716685295105,-1.122984528541565
2024-11-26 17:12:22.057351,1.3573129209999024,0.11967337131500244,0.11695712804794312,-1.183008074760437,-1.0865061283111572
2024-11-26 17:12:22.059374,1.3594252290004079,0.11968982219696045,0.1169852614402771,-1.1796067953109741,-1.0693250894546509
2024-11-26 17:12:22.061461,1.3614471689998027,0.11969074606895447,0.11698555946350098,-1.2046922445297241,-1.1263563632965088
2024-11-26 17:12:22.063599,1.3635268110010657,0.11968976259231567,0.11696666479110718,-1.1964902877807617,-1.1036903858184814
2024-11-26 17:12:22.065585,1.3656734520009195,0.11968287825584412,0.1169973611831665,-1.16705322265625,-1.0842781066894531
2024-11-26 17:12:22.067741,1.3676442450014292,0.11967611312866211,0.11697477102279663,-1.1981747150421143,-1.1313660144805908
2024-11-26 17:12:22.069942,1.3698403100006544,0.11968114972114563,0.1169975996017456,-1.1742931604385376,-1.0846227407455444
2024-11-26 17:12:22.072124,1.3720185060010408,0.11967417597770691,0.1169588565826416,-1.1901545524597168,-1.124420166015625
2024-11-26 17:12:22.075200,1.3742123869997158,0.11967942118644714,0.11696881055831909,-1.1781506538391113,-1.0744316577911377
2024-11-26 17:12:22.077444,1.377359265999985,0.11968150734901428,0.11699533462524414,-1.19155752658844,-1.0990694761276245
2024-11-26 17:12:22.079578,1.3795208139999886,0.11967790126800537,0.11695784330368042,-1.1787477731704712,-1.1188896894454956
2024-11-26 17:12:22.081900,1.3816838990005635,0.11968797445297241,0.11697840690612793,-1.1626096963882446,-1.0760738849639893
2024-11-26 17:12:22.083941,1.383994851999887,0.11968955397605896,0.11697173118591309,-1.1812108755111694,-1.1172419786453247
2024-11-26 17:12:22.086064,1.386016421000022,0.11968889832496643,0.11696696281433105,-1.1712597608566284,-1.0917080640792847
2024-11-26 17:12:22.088225,1.3881344140008878,0.11968955397605896,0.11696982383728027,-1.1875946521759033,-1.1091742515563965
2024-11-26 17:12:22.090359,1.39031490600064,0.11968964338302612,0.11696332693099976,-1.2009114027023315,-1.1034921407699585
2024-11-26 17:12:22.092575,1.392478084000686,0.11966860294342041,0.11698788404464722,-1.1750683784484863,-1.1030454635620117
2024-11-26 17:12:22.094785,1.3946477610006696,0.11966371536254883,0.11699336767196655,-1.1606643199920654,-1.1182936429977417
2024-11-26 17:12:22.097112,1.3969387140004983,0.11969077587127686,0.11695998907089233,-1.1762183904647827,-1.1132858991622925
2024-11-26 17:12:22.099340,1.3992271670012997,0.11968827247619629,0.11699128150939941,-1.23032546043396,-1.0717254877090454
2024-11-26 17:12:22.101516,1.4014370660006534,0.11967551708221436,0.11698335409164429,-1.197232961654663,-1.1059424877166748
2024-11-26 17:12:22.103494,1.403612484000405,0.11967548727989197,0.11699378490447998,-1.1780650615692139,-1.0965182781219482
2024-11-26 17:12:22.105563,1.4055765909997717,0.11966466903686523,0.11697709560394287,-1.175626277923584,-1.0985926389694214
2024-11-26 17:12:22.107695,1.4076253270013694,0.11969155073165894,0.11697286367416382,-1.1606515645980835,-1.090232491493225
2024-11-26 17:12:22.109631,1.4097658200007572,0.11968418955802917,0.11698973178863525,-1.1918466091156006,-1.1107196807861328
2024-11-26 17:12:22.111834,1.4116964460008603,0.11966979503631592,0.1169658899307251,-1.1910417079925537,-1.116102695465088
2024-11-26 17:12:22.113855,1.413918715001273,0.11967238783836365,0.11697745323181152,-1.1772819757461548,-1.0811758041381836
2024-11-26 17:12:22.116150,1.4159227480013215,0.11967960000038147,0.11698222160339355,-1.168012261390686,-1.129188895225525
2024-11-26 17:12:22.118210,1.4182536260013876,0.11967813968658447,0.11696535348892212,-1.1866918802261353,-1.1135599613189697
2024-11-26 17:12:22.120313,1.420284953999726,0.1196838915348053,0.11697113513946533,-1.195200800895691,-1.0753982067108154
2024-11-26 17:12:22.122358,1.4223807810012659,0.11967819929122925,0.11700046062469482,-1.1955941915512085,-1.100106120109558
2024-11-26 17:12:22.124440,1.4244280729999446,0.11966615915298462,0.11698746681213379,-1.1838634014129639,-1.1232227087020874
2024-11-26 17:12:22.126442,1.4265083810005308,0.11967766284942627,0.1169782280921936,-1.178615927696228,-1.104702115058899
2024-11-26 17:12:22.128564,1.4285115620004945,0.11967763304710388,0.11697053909301758,-1.2000983953475952,-1.1047598123550415
2024-11-26 17:12:22.130627,1.4306320369996683,0.1196909248828888,0.11698776483535767,-1.188770055770874,-1.1105233430862427
2024-11-26 17:12:22.133811,1.4329603410005802,0.11968237161636353,0.11697828769683838,-1.172170639038086,-1.1327581405639648
2024-11-26 17:12:22.136340,1.435940039000343,0.1196708083152771,0.11696386337280273,-1.1660484075546265,-1.0797606706619263
2024-11-26 17:12:22.138558,1.438466542000242,0.11967512965202332,0.11698001623153687,-1.1631100177764893,-1.1009855270385742
2024-11-26 17:12:22.140643,1.4406581450002705,0.11968943476676941,0.11698395013809204,-1.1883777379989624,-1.107531189918518
2024-11-26 17:12:22.143194,1.4428296370006137,0.11969104409217834,0.11700159311294556,-1.1860311031341553,-1.1021699905395508
2024-11-26 17:12:22.146568,1.4453471960005118,0.11966699361801147,0.1169736385345459,-1.175236463546753,-1.1187444925308228
2024-11-26 17:12:22.149476,1.44869233099962,0.11967888474464417,0.11698657274246216,-1.166222095489502,-1.09650456905365
2024-11-26 17:12:22.151734,1.4516130110005179,0.11969077587127686,0.1169779896736145,-1.1804821491241455,-1.106142282485962
2024-11-26 17:12:22.153824,1.4538181879997865,0.1196778416633606,0.11696171760559082,-1.1835395097732544,-1.106680989265442
2024-11-26 17:12:22.155816,1.4558902380013024,0.11969086527824402,0.1169971227645874,-1.1602935791015625,-1.0963077545166016
2024-11-26 17:12:22.158949,1.4579279370009317,0.11967766284942627,0.11696314811706543,-1.1859309673309326,-1.124274730682373
2024-11-26 17:12:22.161216,1.4611113520004437,0.11968901753425598,0.11698263883590698,-1.1882649660110474,-1.0684820413589478
2024-11-26 17:12:22.163451,1.4633166029998392,0.11968410015106201,0.11696958541870117,-1.1823197603225708,-1.1037964820861816
2024-11-26 17:12:22.165560,1.465535113000442,0.11968028545379639,0.11696672439575195,-1.1688544750213623,-1.0997716188430786
2024-11-26 17:12:22.167702,1.4676374770006078,0.11966404318809509,0.11696523427963257,-1.1972764730453491,-1.0973918437957764
2024-11-26 17:12:22.169948,1.4698134690006555,0.11969125270843506,0.1169784665107727,-1.1994073390960693,-1.1031153202056885
2024-11-26 17:12:22.173060,1.4720143860013195,0.11968773603439331,0.11698156595230103,-1.1925910711288452,-1.1164301633834839
2024-11-26 17:12:22.175351,1.4752113579997967,0.11967074871063232,0.11695641279220581,-1.1749306917190552,-1.1020801067352295
2024-11-26 17:12:22.177593,1.4774431820005702,0.11968505382537842,0.11695992946624756,-1.1823996305465698,-1.0921716690063477
2024-11-26 17:12:22.179812,1.479708135000692,0.11969062685966492,0.11697816848754883,-1.181502103805542,-1.109348177909851
2024-11-26 17:12:22.181855,1.4818872200012265,0.11968222260475159,0.11695677042007446,-1.2042503356933594,-1.1229281425476074
2024-11-26 17:12:22.183939,1.4839542509998864,0.11966833472251892,0.11697065830230713,-1.1715284585952759,-1.0862302780151367
2024-11-26 17:12:22.186916,1.4860059120001097,0.11968725919723511,0.11696970462799072,-1.1795231103897095,-1.1094321012496948
2024-11-26 17:12:22.189107,1.48909821900088,0.11967229843139648,0.11697906255722046,-1.1867989301681519,-1.1163874864578247
2024-11-26 17:12:22.191578,1.4913489870014018,0.11969086527824402,0.11698585748672485,-1.179129958152771,-1.1023199558258057
2024-11-26 17:12:22.193611,1.4936716990014247,0.11967107653617859,0.11697971820831299,-1.1921815872192383,-1.1283495426177979
2024-11-26 17:12:22.195857,1.495695360999889,0.11966606974601746,0.11698603630065918,-1.178416132926941,-1.1098655462265015
2024-11-26 17:12:22.198114,1.497949481001342,0.11968082189559937,0.11697745323181152,-1.1723792552947998,-1.1144766807556152
2024-11-26 17:12:22.200312,1.5002405450013612,0.11968284845352173,0.11697578430175781,-1.185410499572754,-1.1006569862365723
2024-11-26 17:12:22.202358,1.5023890560005384,0.11969113349914551,0.1169809103012085,-1.1814905405044556,-1.101916790008545
2024-11-26 17:12:22.204614,1.5044663280004897,0.11966386437416077,0.11697322130203247,-1.1752146482467651,-1.094074010848999
2024-11-26 17:12:22.206734,1.5067021890008618,0.11968645453453064,0.11696898937225342,-1.159196376800537,-1.1042730808258057
2024-11-26 17:12:22.209101,1.5088113680012611,0.11967489123344421,0.11697888374328613,-1.232547402381897,-1.1006180047988892
2024-11-26 17:12:22.211108,1.5111855040013324,0.11967521905899048,0.11697399616241455,-1.1717760562896729,-1.114345908164978
2024-11-26 17:12:22.213238,1.5132155170012993,0.11967089772224426,0.11695694923400879,-1.1920944452285767,-1.1005027294158936
2024-11-26 17:12:22.215320,1.5153143999996246,0.1196838915348053,0.11697393655776978,-1.1688592433929443,-1.0866472721099854
2024-11-26 17:12:22.217444,1.5173988389997248,0.11966437101364136,0.11698555946350098,-1.1993446350097656,-1.1165740489959717
2024-11-26 17:12:22.219823,1.5195717940005125,0.11968117952346802,0.11697655916213989,-1.1564594507217407,-1.1026347875595093
2024-11-26 17:12:22.221939,1.5219262270002218,0.11967882513999939,0.11698007583618164,-1.1968222856521606,-1.0938684940338135
2024-11-26 17:12:22.224192,1.5240327570008958,0.11968377232551575,0.11696881055831909,-1.1763914823532104,-1.0999423265457153
2024-11-26 17:12:22.226226,1.526259915000992,0.11967021226882935,0.11697369813919067,-1.1984308958053589,-1.1008267402648926
2024-11-26 17:12:22.228223,1.5282924650000496,0.11968889832496643,0.11698579788208008,-1.1970847845077515,-1.1010384559631348
2024-11-26 17:12:22.230312,1.530312942000819,0.11966538429260254,0.11698752641677856,-1.1853110790252686,-1.1160348653793335
2024-11-26 17:12:22.232441,1.5323710480006412,0.11967745423316956,0.1169782280921936,-1.1834543943405151,-1.1071981191635132
2024-11-26 17:12:22.234449,1.534532448000391,0.1196855902671814,0.11698782444000244,-1.1807634830474854,-1.1061354875564575
2024-11-26 17:12:22.236469,1.5365066659996955,0.11968740820884705,0.11696171760559082,-1.1876922845840454,-1.0930204391479492
2024-11-26 17:12:22.238559,1.5385454580009537,0.11967334151268005,0.11697965860366821,-1.1826671361923218,-1.0766890048980713
2024-11-26 17:12:22.240744,1.5407258010000078,0.1196875274181366,0.11697334051132202,-1.167602777481079,-1.1048165559768677
2024-11-26 17:12:22.243434,1.5428464240012545,0.11969053745269775,0.11699634790420532,-1.1855486631393433,-1.1054539680480957
2024-11-26 17:12:22.245575,1.545543128000645,0.11968287825584412,0.11697417497634888,-1.1918220520019531,-1.116359829902649
2024-11-26 17:12:22.247694,1.5476714360011101,0.1196909248828888,0.11698120832443237,-1.1787718534469604,-1.0833959579467773
2024-11-26 17:12:22.249735,1.549784169999839,0.11968019604682922,0.11697208881378174,-1.1872245073318481,-1.114912748336792
2024-11-26 17:12:22.251961,1.5518323500000406,0.11967343091964722,0.11696809530258179,-1.1988463401794434,-1.0850305557250977
2024-11-26 17:12:22.253980,1.5540550630012149,0.11968761682510376,0.11698257923126221,-1.1694622039794922,-1.1293498277664185
2024-11-26 17:12:22.256201,1.5560413189996325,0.11968442797660828,0.11696255207061768,-1.2017561197280884,-1.1021287441253662
2024-11-26 17:12:22.260668,1.558297568000853,0.11966025829315186,0.11697965860366821,-1.190955400466919,-1.09052574634552
2024-11-26 17:12:22.263891,1.5629852120000578,0.11968821287155151,0.11697685718536377,-1.169190764427185,-1.1076918840408325
2024-11-26 17:12:22.266708,1.566704598000797,0.11967206001281738,0.11698824167251587,-1.1977876424789429,-1.116313099861145
2024-11-26 17:12:22.269115,1.5688275360007538,0.1196776032447815,0.11697852611541748,-1.1766605377197266,-1.0851489305496216
2024-11-26 17:12:22.271188,1.571209894000276,0.11967885494232178,0.11697828769683838,-1.1772462129592896,-1.1033461093902588
2024-11-26 17:12:22.273329,1.5732966659998056,0.11968338489532471,0.11696791648864746,-1.1904700994491577,-1.1170660257339478
2024-11-26 17:12:22.275696,1.5753909009999916,0.11968618631362915,0.11697632074356079,-1.1975563764572144,-1.1056843996047974
2024-11-26 17:12:22.277821,1.5778081839998777,0.11968478560447693,0.11695891618728638,-1.1874699592590332,-1.1014636754989624
2024-11-26 17:12:22.279898,1.5798904370003584,0.11967942118644714,0.11698073148727417,-1.1990141868591309,-1.0929008722305298
2024-11-26 17:12:22.282179,1.5820698740008083,0.11969184875488281,0.11696308851242065,-1.1752454042434692,-1.134971022605896
2024-11-26 17:12:22.284562,1.584447306000584,0.11968311667442322,0.11696499586105347,-1.1941838264465332,-1.0862082242965698
2024-11-26 17:12:22.286595,1.5866480759996193,0.11966857314109802,0.11698180437088013,-1.175492763519287,-1.1097121238708496
2024-11-26 17:12:22.288818,1.5886563310014026,0.11966046690940857,0.11698240041732788,-1.1765220165252686,-1.12070894241333
2024-11-26 17:12:22.290855,1.5908976360005909,0.11967578530311584,0.11698472499847412,-1.1851764917373657,-1.0897988080978394
2024-11-26 17:12:22.293196,1.592976482001177,0.11969113349914551,0.11699002981185913,-1.2090588808059692,-1.0971013307571411
2024-11-26 17:12:22.295205,1.5952739719996316,0.11967724561691284,0.11699569225311279,-1.1844439506530762,-1.1076470613479614
2024-11-26 17:12:22.297576,1.5973820950002846,0.11968910694122314,0.11698156595230103,-1.1680920124053955,-1.0982760190963745
2024-11-26 17:12:22.299820,1.5996710660001554,0.11967512965202332,0.11697995662689209,-1.183801293373108,-1.086237907409668
2024-11-26 17:12:22.302125,1.6019124459999148,0.11967587471008301,0.11698639392852783,-1.17384934425354,-1.096105694770813
2024-11-26 17:12:22.304222,1.6042345830010163,0.11969110369682312,0.11696511507034302,-1.1751335859298706,-1.1087497472763062
2024-11-26 17:12:22.306210,1.6062979660000565,0.11968177556991577,0.11698704957962036,-1.1975985765457153,-1.077045202255249
2024-11-26 17:12:22.308323,1.6082861100003356,0.11968275904655457,0.11698073148727417,-1.1681139469146729,-1.1262503862380981
2024-11-26 17:12:22.310332,1.6103977710008621,0.11967489123344421,0.1169632077217102,-1.1867003440856934,-1.1106802225112915
2024-11-26 17:12:22.312723,1.6124671540001145,0.11968359351158142,0.11698776483535767,-1.1790218353271484,-1.0824480056762695
2024-11-26 17:12:22.314744,1.6148065680008585,0.11967375874519348,0.11699646711349487,-1.1966122388839722,-1.1315654516220093
2024-11-26 17:12:22.316838,1.6168191750002734,0.11968931555747986,0.11698949337005615,-1.1885102987289429,-1.0968458652496338
2024-11-26 17:12:22.318820,1.618898632001219,0.11967527866363525,0.11694622039794922,-1.1677536964416504,-1.092353105545044
2024-11-26 17:12:22.321185,1.6208903690003353,0.11967143416404724,0.1169809103012085,-1.1887127161026,-1.074864387512207
2024-11-26 17:12:22.323494,1.6235406470004818,0.11967325210571289,0.11697965860366821,-1.1945819854736328,-1.1320929527282715
2024-11-26 17:12:22.325608,1.6255897530008951,0.11966350674629211,0.11697626113891602,-1.1983661651611328,-1.1052252054214478
2024-11-26 17:12:22.327816,1.6276850619997276,0.11966577172279358,0.11696922779083252,-1.1895933151245117,-1.0984692573547363
2024-11-26 17:12:22.329839,1.6298851280007511,0.11968988180160522,0.1169777512550354,-1.1700013875961304,-1.0886255502700806
2024-11-26 17:12:22.331950,1.6319256040005712,0.11965984106063843,0.11696851253509521,-1.1945780515670776,-1.106341004371643
2024-11-26 17:12:22.333985,1.634024450000652,0.11968475580215454,0.11696785688400269,-1.183510184288025,-1.105576515197754
2024-11-26 17:12:22.336065,1.636057814999731,0.11968913674354553,0.1169745922088623,-1.190661072731018,-1.104117751121521
2024-11-26 17:12:22.338318,1.6383059720010351,0.11968261003494263,0.11696851253509521,-1.1897330284118652,-1.1205140352249146
2024-11-26 17:12:22.340353,1.640391503000501,0.11968439817428589,0.11695796251296997,-1.1951075792312622,-1.1046968698501587
2024-11-26 17:12:22.343106,1.6425011259998428,0.11966350674629211,0.116993248462677,-1.1933238506317139,-1.0836114883422852
2024-11-26 17:12:22.345241,1.6452718279997498,0.11968612670898438,0.11698675155639648,-1.174444556236267,-1.1230665445327759
2024-11-26 17:12:22.347459,1.647319638001136,0.11968234181404114,0.11698693037033081,-1.1782785654067993,-1.0914568901062012
2024-11-26 17:12:22.349825,1.6495627770000283,0.11967456340789795,0.11698102951049805,-1.171689748764038,-1.1198045015335083
2024-11-26 17:12:22.351956,1.6519288950003101,0.1196756660938263,0.11700516939163208,-1.159382700920105,-1.0906254053115845
2024-11-26 17:12:22.353985,1.6540557400003308,0.11968246102333069,0.11698347330093384,-1.195199966430664,-1.112471580505371
2024-11-26 17:12:22.356106,1.656051142999786,0.11968061327934265,0.11697244644165039,-1.1931312084197998,-1.0941705703735352
2024-11-26 17:12:22.358195,1.6581840990002092,0.11968249082565308,0.11695903539657593,-1.1890021562576294,-1.1101778745651245
2024-11-26 17:12:22.360194,1.6602625000014086,0.11968690156936646,0.1169806718826294,-1.2023587226867676,-1.0934025049209595
2024-11-26 17:12:22.362370,1.6622469970006932,0.11967745423316956,0.11698848009109497,-1.1924641132354736,-1.1165025234222412
2024-11-26 17:12:22.364952,1.6645398199998453,0.11967560648918152,0.11696094274520874,-1.184147596359253,-1.1158708333969116
2024-11-26 17:12:22.366988,1.667062137999892,0.11967796087265015,0.11698472499847412,-1.1867399215698242,-1.0849359035491943
2024-11-26 17:12:22.369087,1.6691055030005373,0.11967229843139648,0.1169668436050415,-1.181871771812439,-1.1241434812545776
2024-11-26 17:12:22.371348,1.671157349999703,0.1196628212928772,0.11697274446487427,-1.1921321153640747,-1.1038200855255127
2024-11-26 17:12:22.373446,1.6734438950006734,0.11967858672142029,0.1169811487197876,-1.176960825920105,-1.1003650426864624
2024-11-26 17:12:22.375499,1.6755038530009188,0.11969158053398132,0.11698216199874878,-1.184596061706543,-1.1024690866470337
2024-11-26 17:12:22.377579,1.6775806060013565,0.11969050765037537,0.11697018146514893,-1.1931627988815308,-1.1008031368255615
2024-11-26 17:12:22.379567,1.6796404710003117,0.11967629194259644,0.11696922779083252,-1.1782417297363281,-1.1063212156295776
2024-11-26 17:12:22.381732,1.6816188370012242,0.11967980861663818,0.11699932813644409,-1.158775806427002,-1.1053926944732666
2024-11-26 17:12:22.383948,1.6838107740004489,0.11968287825584412,0.11697983741760254,-1.1871445178985596,-1.11521315574646
2024-11-26 17:12:22.386089,1.6860580789998494,0.11968973278999329,0.11699140071868896,-1.1799966096878052,-1.0655518770217896
2024-11-26 17:12:22.388194,1.688166887000989,0.11967673897743225,0.11696189641952515,-1.1853104829788208,-1.1206591129302979
2024-11-26 17:12:22.390227,1.6902554000007513,0.11966845393180847,0.11697673797607422,-1.1732840538024902,-1.0731405019760132
2024-11-26 17:12:22.392261,1.6922963020006137,0.11967283487319946,0.11698859930038452,-1.174149990081787,-1.1103442907333374
2024-11-26 17:12:22.394321,1.6943284080007288,0.1196867823600769,0.11699187755584717,-1.20195734500885,-1.1125560998916626
2024-11-26 17:12:22.396472,1.6963666810006544,0.11966508626937866,0.11698174476623535,-1.1896005868911743,-1.0898265838623047
2024-11-26 17:12:22.398576,1.6985688759996265,0.11969026923179626,0.11696505546569824,-1.1635980606079102,-1.0925734043121338
2024-11-26 17:12:22.400989,1.7006327230010356,0.11967265605926514,0.11698412895202637,-1.2007246017456055,-1.0886114835739136
2024-11-26 17:12:22.403191,1.7031222820005496,0.11968636512756348,0.11696743965148926,-1.1822288036346436,-1.1192210912704468
2024-11-26 17:12:22.405612,1.7053770140009874,0.11969107389450073,0.11697894334793091,-1.1944382190704346,-1.0891642570495605
2024-11-26 17:12:22.407822,1.7077174650003144,0.11969044804573059,0.11699408292770386,-1.1702637672424316,-1.10941743850708
2024-11-26 17:12:22.410068,1.7098953090007853,0.11969006061553955,0.11698645353317261,-1.197121500968933,-1.1127129793167114
2024-11-26 17:12:22.412213,1.712135911000587,0.11968526244163513,0.11695361137390137,-1.1963649988174438,-1.1124920845031738
2024-11-26 17:12:22.414219,1.7142950699999346,0.11968633532524109,0.11697852611541748,-1.1670966148376465,-1.0913748741149902
2024-11-26 17:12:22.416476,1.716442230001121,0.1196851134300232,0.11697250604629517,-1.207897424697876,-1.116395115852356
2024-11-26 17:12:22.418469,1.7185366860012437,0.11968418955802917,0.11698299646377563,-1.1762502193450928,-1.0883665084838867
2024-11-26 17:12:22.420595,1.7205542930005322,0.11968401074409485,0.11698371171951294,-1.176267385482788,-1.102807641029358
2024-11-26 17:12:22.422702,1.722687767000025,0.11968857049942017,0.11697947978973389,-1.1846685409545898,-1.1014864444732666
2024-11-26 17:12:22.424982,1.7247674650006957,0.11966699361801147,0.11696594953536987,-1.1887317895889282,-1.0936369895935059
2024-11-26 17:12:22.427113,1.7270928800007823,0.11967617273330688,0.11696696281433105,-1.164251446723938,-1.0864592790603638
2024-11-26 17:12:22.429291,1.7292226879999362,0.1196882426738739,0.11697500944137573,-1.1923854351043701,-1.0970051288604736
2024-11-26 17:12:22.431465,1.7313496440001472,0.1196841299533844,0.11697548627853394,-1.1898311376571655,-1.1029268503189087
2024-11-26 17:12:22.433561,1.7335622099999455,0.11968174576759338,0.11698001623153687,-1.1720540523529053,-1.1149455308914185
2024-11-26 17:12:22.435572,1.735621314999662,0.1196603775024414,0.11697268486022949,-1.184796690940857,-1.111190915107727
2024-11-26 17:12:22.437586,1.7376446440011932,0.11968600749969482,0.11698603630065918,-1.1681839227676392,-1.1102851629257202
2024-11-26 17:12:22.439568,1.7396453800010931,0.11969083547592163,0.11698472499847412,-1.1944711208343506,-1.1093097925186157
2024-11-26 17:12:22.441728,1.7416230990002077,0.11968258023262024,0.11697906255722046,-1.191207766532898,-1.0845719575881958
2024-11-26 17:12:22.447614,1.74380879400087,0.11967435479164124,0.11696308851242065,-1.1967265605926514,-1.0933958292007446
2024-11-26 17:12:22.451388,1.7499605560005875,0.11968070268630981,0.11699271202087402,-1.1992663145065308,-1.0959677696228027
2024-11-26 17:12:22.467672,1.7539392700000462,0.11967140436172485,0.1169731616973877,-1.189547061920166,-1.1289011240005493
2024-11-26 17:12:22.471414,1.770044955999765,0.11968952417373657,0.11696827411651611,-1.1736668348312378,-1.1063106060028076
2024-11-26 17:12:22.474777,1.7738885070011747,0.11965996026992798,0.1169670820236206,-1.1708958148956299,-1.0964256525039673
2024-11-26 17:12:22.478272,1.7769965540010162,0.11969015002250671,0.11697673797607422,-1.1900510787963867,-1.1099598407745361
2024-11-26 17:12:22.481633,1.7807481239997287,0.11969080567359924,0.11698949337005615,-1.2006348371505737,-1.1050693988800049
2024-11-26 17:12:22.485043,1.7844386960005068,0.11968031525611877,0.11697256565093994,-1.1845545768737793,-1.095291256904602
2024-11-26 17:12:22.496017,1.7887183120001282,0.11969125270843506,0.1169624924659729,-1.1999365091323853,-1.1006195545196533
2024-11-26 17:12:22.502488,1.7985193130007247,0.1196923553943634,0.11696839332580566,-1.175005316734314,-1.1127527952194214
2024-11-26 17:12:22.507943,1.8050609190013347,0.11965793371200562,0.11695963144302368,-1.172386646270752,-1.1014103889465332
2024-11-26 17:12:22.512004,1.8103789200013125,0.1196695864200592,0.11698561906814575,-1.1740750074386597,-1.1001200675964355
2024-11-26 17:12:22.516868,1.8146278510012053,0.11966991424560547,0.11697596311569214,-1.1909033060073853,-1.1044255495071411
2024-11-26 17:12:22.520966,1.819928445000187,0.11967384815216064,0.11698144674301147,-1.1586616039276123,-1.0815761089324951
2024-11-26 17:12:22.525092,1.8233935770003882,0.11968651413917542,0.11697125434875488,-1.1908626556396484,-1.0955597162246704
2024-11-26 17:12:22.535748,1.8272690160010825,0.11968174576759338,0.11697834730148315,-1.1902157068252563,-1.0973193645477295
2024-11-26 17:12:22.540939,1.838073570999768,0.11969074606895447,0.11696678400039673,-1.18185293674469,-1.1096781492233276
2024-11-26 17:12:22.547387,1.8431683540002268,0.11968570947647095,0.11698645353317261,-1.2113091945648193,-1.1235954761505127
2024-11-26 17:12:22.552041,1.8499724730008893,0.11966988444328308,0.11697715520858765,-1.1959280967712402,-1.0911253690719604
2024-11-26 17:12:22.556921,1.8551755139997113,0.11967116594314575,0.11696380376815796,-1.1815804243087769,-1.0910431146621704
2024-11-26 17:12:22.560064,1.859333817001243,0.11968648433685303,0.11699098348617554,-1.1930543184280396,-1.0919370651245117
2024-11-26 17:12:22.564990,1.863380288999906,0.11968269944190979,0.11698275804519653,-1.1749267578125,-1.1119412183761597
2024-11-26 17:12:22.572085,1.8692306499997358,0.11968618631362915,0.11696773767471313,-1.1863495111465454,-1.0899112224578857
2024-11-26 17:12:22.579529,1.8750444190009148,0.1196901798248291,0.11699444055557251,-1.196319341659546,-1.0836386680603027
2024-11-26 17:12:22.592612,1.8819437760012079,0.11968395113945007,0.11697745323181152,-1.2011065483093262,-1.1062551736831665
2024-11-26 17:12:22.595739,1.8948734349996812,0.11968013644218445,0.11696243286132812,-1.1826937198638916,-1.0912654399871826
2024-11-26 17:12:22.599895,1.8993978230009816,0.11965498328208923,0.11699151992797852,-1.1753730773925781,-1.0909864902496338
2024-11-26 17:12:22.602558,1.9020999710010074,0.1196545660495758,0.11698484420776367,-1.1775829792022705,-1.1242731809616089
2024-11-26 17:12:22.605049,1.9047526200010907,0.11969205737113953,0.1169741153717041,-1.1822805404663086,-1.1022006273269653
2024-11-26 17:12:22.608868,1.9085270790001232,0.11966454982757568,0.11697977781295776,-1.2050386667251587,-1.0954478979110718
2024-11-26 17:12:22.611917,1.9110459530002117,0.11967480182647705,0.11696535348892212,-1.1753439903259277,-1.1237595081329346
2024-11-26 17:12:22.615359,1.9141182230014238,0.11967945098876953,0.1169782280921936,-1.1956825256347656,-1.1018739938735962
2024-11-26 17:12:22.618786,1.9176521500012313,0.11969083547592163,0.11696857213973999,-1.185850977897644,-1.1007987260818481
2024-11-26 17:12:22.622049,1.92098504400019,0.11967781186103821,0.11698311567306519,-1.19107985496521,-1.1105554103851318
2024-11-26 17:12:22.624547,1.9242680879997351,0.11967387795448303,0.11697357892990112,-1.1819604635238647,-1.1096750497817993
2024-11-26 17:12:22.627177,1.9268891450010415,0.11967262625694275,0.11698174476623535,-1.1950477361679077,-1.1106867790222168
2024-11-26 17:12:22.630320,1.9294145180010673,0.11969098448753357,0.11697953939437866,-1.1935639381408691,-1.095449686050415
2024-11-26 17:12:22.633618,1.9325641760005965,0.11966148018836975,0.11695170402526855,-1.1954154968261719,-1.0940672159194946
2024-11-26 17:12:22.639320,1.9368755129999045,0.11966893076896667,0.11698681116104126,-1.1578527688980103,-1.0774731636047363
2024-11-26 17:12:22.642559,1.9417149130003963,0.11968708038330078,0.11696809530258179,-1.1807866096496582,-1.11178457736969
2024-11-26 17:12:22.645268,1.944783738001206,0.11967718601226807,0.1169862151145935,-1.1754062175750732,-1.0833733081817627
2024-11-26 17:12:22.649666,1.9486319919997186,0.11967122554779053,0.11698859930038452,-1.1761062145233154,-1.0981956720352173
2024-11-26 17:12:22.653009,1.9519231650010624,0.11968326568603516,0.11699032783508301,-1.1715189218521118,-1.097638726234436
2024-11-26 17:12:22.655556,1.9551608940000733,0.11967739462852478,0.11699092388153076,-1.18928861618042,-1.1095408201217651
2024-11-26 17:12:22.658912,1.9577160640001239,0.1196780800819397,0.11696523427963257,-1.1829705238342285,-1.108925223350525
2024-11-26 17:12:22.662152,1.9617442400012806,0.11966663599014282,0.11696553230285645,-1.1831203699111938,-1.0749778747558594
2024-11-26 17:12:22.664782,1.9642999280004005,0.119678795337677,0.11697345972061157,-1.1999561786651611,-1.1013914346694946
2024-11-26 17:12:22.667356,1.9669313000013062,0.11968779563903809,0.11698144674301147,-1.1962182521820068,-1.0980476140975952
2024-11-26 17:12:22.670009,1.9695199500001763,0.11965280771255493,0.11697155237197876,-1.1881980895996094,-1.094669222831726
2024-11-26 17:12:22.672516,1.9721495249996224,0.11969181895256042,0.11698615550994873,-1.180626630783081,-1.0945312976837158
2024-11-26 17:12:22.675134,1.974698564999926,0.11966714262962341,0.11698585748672485,-1.2003060579299927,-1.1151338815689087
2024-11-26 17:12:22.678065,1.9773593070003699,0.11968803405761719,0.11699318885803223,-1.1611047983169556,-1.1038401126861572
2024-11-26 17:12:22.682697,1.9814989250007784,0.11967599391937256,0.11697173118591309,-1.1737998723983765,-1.0903702974319458
2024-11-26 17:12:22.687848,1.985142146000726,0.11968183517456055,0.11699074506759644,-1.1655579805374146,-1.0948052406311035
2024-11-26 17:12:22.690411,1.9900144710009045,0.11968868970870972,0.116976797580719,-1.1832150220870972,-1.0992140769958496
2024-11-26 17:12:22.692892,1.992560308000975,0.11968964338302612,0.11698102951049805,-1.1897650957107544,-1.0805165767669678
2024-11-26 17:12:22.695561,1.9950719040007243,0.11968320608139038,0.11696910858154297,-1.1804169416427612,-1.1102650165557861
2024-11-26 17:12:22.698452,1.997753145000388,0.11967667937278748,0.11697912216186523,-1.171028971672058,-1.0935959815979004
2024-11-26 17:12:22.702867,2.0007041019998724,0.11967813968658447,0.11698859930038452,-1.1690069437026978,-1.0911952257156372
2024-11-26 17:12:22.706407,2.005303248000928,0.11968106031417847,0.11696183681488037,-1.2095832824707031,-1.1035230159759521
2024-11-26 17:12:22.709817,2.008980413000245,0.11969000101089478,0.11697936058044434,-1.1844115257263184,-1.0809404850006104
2024-11-26 17:12:22.712810,2.0120149989998026,0.1196698248386383,0.11696922779083252,-1.174472451210022,-1.1048928499221802
2024-11-26 17:12:22.715554,2.0151645080004528,0.11969038844108582,0.11698871850967407,-1.172656536102295,-1.1022913455963135
2024-11-26 17:12:22.718121,2.017730825000399,0.11967936158180237,0.11697810888290405,-1.1823527812957764,-1.1051281690597534
2024-11-26 17:12:22.721012,2.0202841800000897,0.11968699097633362,0.1169617772102356,-1.181281566619873,-1.1108088493347168
2024-11-26 17:12:22.723832,2.023183027000414,0.11967962980270386,0.11700224876403809,-1.1804386377334595,-1.1005809307098389
2024-11-26 17:12:22.726862,2.0259470809996856,0.11968052387237549,0.11697661876678467,-1.1795352697372437,-1.1257528066635132
2024-11-26 17:12:22.729107,2.028947519000212,0.1196889579296112,0.11699879169464111,-1.1836960315704346,-1.1000343561172485
2024-11-26 17:12:22.731362,2.0311811580013455,0.11968427896499634,0.11697691679000854,-1.1726093292236328,-1.110727071762085
2024-11-26 17:12:22.733567,2.033466815000793,0.11969003081321716,0.11697542667388916,-1.1822961568832397,-1.1000217199325562
2024-11-26 17:12:22.736078,2.0356286040005216,0.11969038844108582,0.11697125434875488,-1.19661283493042,-1.099887728691101
2024-11-26 17:12:22.738454,2.0381959210008063,0.11965718865394592,0.11697345972061157,-1.1840039491653442,-1.106947660446167
2024-11-26 17:12:22.740602,2.0405546500005585,0.11967405676841736,0.11699360609054565,-1.1570731401443481,-1.1111270189285278
2024-11-26 17:12:22.743831,2.0435634030000074,0.11969119310379028,0.1169579029083252,-1.2118836641311646,-1.110215663909912
2024-11-26 17:12:22.746430,2.045944020001116,0.11967816948890686,0.11698031425476074,-1.2018488645553589,-1.079424500465393
2024-11-26 17:12:22.749032,2.0485869660005847,0.11966177821159363,0.11696827411651611,-1.1811591386795044,-1.1199275255203247
2024-11-26 17:12:22.751491,2.0513259090002975,0.11969101428985596,0.11697030067443848,-1.1826080083847046,-1.1072508096694946
2024-11-26 17:12:22.755125,2.0540655750010046,0.11967265605926514,0.11696189641952515,-1.198205590248108,-1.0977813005447388
2024-11-26 17:12:22.757570,2.0573284340007376,0.1196894645690918,0.11698341369628906,-1.171732783317566,-1.0749443769454956
2024-11-26 17:12:22.759726,2.059648960001141,0.11968889832496643,0.11699503660202026,-1.1839677095413208,-1.1050550937652588
2024-11-26 17:12:22.762877,2.061826007000491,0.11968591809272766,0.11698001623153687,-1.176771879196167,-1.134236454963684
2024-11-26 17:12:22.766180,2.0650819590009633,0.11967387795448303,0.11697810888290405,-1.175936222076416,-1.0989078283309937
2024-11-26 17:12:22.768458,2.068332779999764,0.11968532204627991,0.11696958541870117,-1.175918459892273,-1.1113150119781494
2024-11-26 17:12:22.770706,2.0705667340007494,0.11967897415161133,0.11696940660476685,-1.1924784183502197,-1.0990245342254639
2024-11-26 17:12:22.773193,2.073141070000929,0.11969003081321716,0.11695533990859985,-1.1638360023498535,-1.1041109561920166
2024-11-26 17:12:22.775268,2.0752782300005492,0.11968541145324707,0.11697787046432495,-1.1914598941802979,-1.0880765914916992
2024-11-26 17:12:22.777586,2.0773515939999925,0.11967450380325317,0.11698520183563232,-1.1756763458251953,-1.1172682046890259
2024-11-26 17:12:22.779709,2.0796730649999517,0.11967131495475769,0.11698949337005615,-1.171012043952942,-1.1206015348434448
2024-11-26 17:12:22.781816,2.0817854659999284,0.11967775225639343,0.1169777512550354,-1.1701070070266724,-1.0916855335235596
2024-11-26 17:12:22.784601,2.0838774599997123,0.11969074606895447,0.1169971227645874,-1.1969068050384521,-1.0997982025146484
2024-11-26 17:12:22.787276,2.0867200490010873,0.11968547105789185,0.1169891357421875,-1.1758767366409302,-1.1195151805877686
2024-11-26 17:12:22.789359,2.089430900001389,0.1196584701538086,0.11698675155639648,-1.171796202659607,-1.105228304862976
2024-11-26 17:12:22.791832,2.0914343780004856,0.1196889579296112,0.1169772744178772,-1.1549839973449707,-1.1025959253311157
2024-11-26 17:12:22.793849,2.093931141000212,0.11967530846595764,0.11698973178863525,-1.2104012966156006,-1.088252305984497
2024-11-26 17:12:22.795873,2.0959210630007874,0.11968263983726501,0.11696851253509521,-1.1561871767044067,-1.0974115133285522
2024-11-26 17:12:22.798091,2.0980974989997776,0.11969074606895447,0.11699247360229492,-1.1961995363235474,-1.1036096811294556
2024-11-26 17:12:22.800087,2.1001523089998955,0.11965808272361755,0.11696887016296387,-1.1830976009368896,-1.1093883514404297
2024-11-26 17:12:22.802366,2.1021378050008934,0.11968916654586792,0.11698287725448608,-1.1562185287475586,-1.0933481454849243
2024-11-26 17:12:22.813300,2.1051993340006447,0.11968070268630981,0.11698043346405029,-1.1999071836471558,-1.1206499338150024
2024-11-26 17:12:22.817381,2.115443325999877,0.11967790126800537,0.11697864532470703,-1.1717374324798584,-1.103784441947937
2024-11-26 17:12:22.822633,2.119507428000361,0.11967730522155762,0.11697471141815186,-1.195046067237854,-1.0845710039138794
2024-11-26 17:12:22.826139,2.1248231700010365,0.11969208717346191,0.11696243286132812,-1.1713143587112427,-1.0955532789230347
2024-11-26 17:12:22.829275,2.129150340000706,0.11967703700065613,0.11697810888290405,-1.16947603225708,-1.0997329950332642
2024-11-26 17:12:22.831605,2.131411182001102,0.11967521905899048,0.11696958541870117,-1.1735494136810303,-1.1130547523498535
2024-11-26 17:12:22.833733,2.133724819001145,0.119678795337677,0.11698830127716064,-1.1815866231918335,-1.1015243530273438
2024-11-26 17:12:22.836494,2.1358074990002933,0.11968281865119934,0.11697888374328613,-1.1718591451644897,-1.1070479154586792
2024-11-26 17:12:22.838852,2.1386121440009447,0.11968448758125305,0.11694914102554321,-1.1955194473266602,-1.0885590314865112
2024-11-26 17:12:22.841229,2.1409583000004204,0.1196872889995575,0.11697465181350708,-1.176186442375183,-1.0940641164779663
2024-11-26 17:12:22.843487,2.1433402510010637,0.11968141794204712,0.11698025465011597,-1.1903107166290283,-1.1082549095153809
2024-11-26 17:12:22.847868,2.146541870000874,0.11968320608139038,0.11696738004684448,-1.1849180459976196,-1.1064914464950562
2024-11-26 17:12:22.850135,2.149984317000417,0.11967870593070984,0.11699181795120239,-1.1810544729232788,-1.098253846168518
2024-11-26 17:12:22.852379,2.1522223640004086,0.11966916918754578,0.116973876953125,-1.1979397535324097,-1.102260708808899
2024-11-26 17:12:22.854494,2.1545027980009763,0.11968743801116943,0.11696016788482666,-1.170300006866455,-1.074198603630066
2024-11-26 17:12:22.856840,2.156593736001014,0.11967313289642334,0.11697721481323242,-1.2076858282089233,-1.1066452264785767
2024-11-26 17:12:22.859089,2.1589501140006178,0.11969083547592163,0.11697328090667725,-1.185070514678955,-1.1205291748046875
2024-11-26 17:12:22.861512,2.1612210479997884,0.11967828869819641,0.11697739362716675,-1.1945363283157349,-1.0986613035202026
2024-11-26 17:12:22.863702,2.163665404999847,0.11967498064041138,0.11697971820831299,-1.1722663640975952,-1.1000438928604126
2024-11-26 17:12:22.866620,2.165786380001009,0.11966660618782043,0.11698347330093384,-1.194953203201294,-1.1039812564849854
2024-11-26 17:12:22.868735,2.168734412000049,0.119688481092453,0.11699241399765015,-1.1944955587387085,-1.103509783744812
2024-11-26 17:12:22.870859,2.170807035001417,0.11967712640762329,0.11697590351104736,-1.195483684539795,-1.101890206336975
2024-11-26 17:12:22.872848,2.1729235290004,0.11967459321022034,0.11697697639465332,-1.1766242980957031,-1.0841383934020996
2024-11-26 17:12:22.874990,2.1749054140000226,0.11966103315353394,0.11698061227798462,-1.1944472789764404,-1.10203218460083
2024-11-26 17:12:22.876977,2.177090795001277,0.11966946721076965,0.11698311567306519,-1.178887128829956,-1.0911537408828735
2024-11-26 17:12:22.879002,2.179045828001108,0.1196897029876709,0.1169668436050415,-1.1834666728973389,-1.0956727266311646
2024-11-26 17:12:22.881332,2.181272968000485,0.11969006061553955,0.11699658632278442,-1.2080659866333008,-1.084312915802002
2024-11-26 17:12:22.883492,2.183433812000658,0.11968937516212463,0.11697840690612793,-1.180002212524414,-1.128339171409607
2024-11-26 17:12:22.887726,2.185573323000426,0.11966508626937866,0.11697942018508911,-1.179978609085083,-1.1018627882003784
2024-11-26 17:12:22.890097,2.189893734001089,0.119669109582901,0.11698228120803833,-1.1615896224975586,-1.0959445238113403
2024-11-26 17:12:22.892453,2.192217260000689,0.1196698248386383,0.11697900295257568,-1.1908278465270996,-1.1054809093475342
2024-11-26 17:12:22.894572,2.1945492860013474,0.11968088150024414,0.1169884204864502,-1.184072494506836,-1.0958222150802612
2024-11-26 17:12:22.896610,2.196653539000181,0.11969110369682312,0.11697936058044434,-1.1808054447174072,-1.103689432144165
2024-11-26 17:12:22.898606,2.198673681999935,0.11969059705734253,0.11697924137115479,-1.2009509801864624,-1.0927423238754272
2024-11-26 17:12:22.900860,2.2008510819996445,0.11968925595283508,0.11696767807006836,-1.1920180320739746,-1.089908242225647
2024-11-26 17:12:22.902949,2.2029221869997855,0.11969056725502014,0.11698698997497559,-1.1853432655334473,-1.1094417572021484
2024-11-26 17:12:22.905102,2.2050571250001667,0.11969026923179626,0.11699068546295166,-1.178955078125,-1.104166030883789
2024-11-26 17:12:22.907982,2.2071713029999955,0.11967772245407104,0.11697125434875488,-1.1757208108901978,-1.0988154411315918
2024-11-26 17:12:22.910114,2.210111002001213,0.11968082189559937,0.11694943904876709,-1.1922763586044312,-1.0867140293121338
2024-11-26 17:12:22.912240,2.2121897550005087,0.11968421936035156,0.1169857382774353,-1.188948631286621,-1.0974491834640503
2024-11-26 17:12:22.914576,2.214345026000956,0.11966869235038757,0.116970956325531,-1.1951614618301392,-1.1196552515029907
2024-11-26 17:12:22.916615,2.2166517559999193,0.11969012022018433,0.1169666051864624,-1.2024617195129395,-1.1091240644454956
2024-11-26 17:12:22.918974,2.218698528000459,0.11968281865119934,0.11698299646377563,-1.1916669607162476,-1.0874567031860352
2024-11-26 17:12:22.921568,2.2211130160012544,0.11970171332359314,0.1169845461845398,-1.1870203018188477,-1.1261862516403198
2024-11-26 17:12:22.924250,2.223729961000572,0.11967390775680542,0.11698752641677856,-1.1828590631484985,-1.1032480001449585
2024-11-26 17:12:22.928517,2.226364926000315,0.11966514587402344,0.11697882413864136,-1.1729663610458374,-1.1009600162506104
2024-11-26 17:12:22.930615,2.230652893000297,0.1196911633014679,0.11697107553482056,-1.1910196542739868,-1.0926979780197144
2024-11-26 17:12:22.932731,2.232700813001429,0.11968186497688293,0.11695420742034912,-1.1898177862167358,-1.0881370306015015
2024-11-26 17:12:22.934735,2.234801807000622,0.11969128251075745,0.11696106195449829,-1.1938329935073853,-1.0900193452835083
2024-11-26 17:12:22.937333,2.2368011360013043,0.11968189477920532,0.11697560548782349,-1.190163493156433,-1.102935791015625
2024-11-26 17:12:22.940114,2.24003279200042,0.11968994140625,0.11699652671813965,-1.1832008361816406,-1.1093499660491943
2024-11-26 17:12:22.942296,2.2422182469999825,0.11969056725502014,0.11697673797607422,-1.1947901248931885,-1.0975762605667114
2024-11-26 17:12:22.944471,2.244437053001093,0.1196853518486023,0.1169695258140564,-1.1887485980987549,-1.088217854499817
2024-11-26 17:12:22.946472,2.2465513610004564,0.11966881155967712,0.11698377132415771,-1.1624058485031128,-1.110075831413269
2024-11-26 17:12:22.949582,2.248541209000905,0.11968904733657837,0.11697232723236084,-1.1628388166427612,-1.1150141954421997
2024-11-26 17:12:22.951971,2.2516926620010054,0.11967337131500244,0.11697757244110107,-1.1958725452423096,-1.1036139726638794
2024-11-26 17:12:22.954330,2.254094353000255,0.11968868970870972,0.11699056625366211,-1.1750612258911133,-1.100473165512085
2024-11-26 17:12:22.956448,2.256427915999666,0.11967483162879944,0.11696195602416992,-1.1902865171432495,-1.1177408695220947
2024-11-26 17:12:22.958703,2.258544835000066,0.11967736482620239,0.11697721481323242,-1.1660335063934326,-1.0907520055770874
2024-11-26 17:12:22.960844,2.2607846970004175,0.11968812346458435,0.11698466539382935,-1.1929516792297363,-1.123578667640686
2024-11-26 17:12:22.963070,2.262942336999913,0.11968949437141418,0.1169823408126831,-1.1913007497787476,-1.126266360282898
2024-11-26 17:12:22.965223,2.26518775400109,0.1196909248828888,0.11698079109191895,-1.1845864057540894,-1.1007734537124634
2024-11-26 17:12:22.969003,2.2673332470003515,0.11968609690666199,0.11698061227798462,-1.1778044700622559,-1.0880885124206543
2024-11-26 17:12:22.971388,2.2711742970004707,0.11969009041786194,0.11697959899902344,-1.1764070987701416,-1.099325180053711
2024-11-26 17:12:22.973621,2.273517249001088,0.11967816948890686,0.11695516109466553,-1.1652919054031372,-1.111891269683838
2024-11-26 17:12:22.975824,2.275700444000904,0.11968883872032166,0.11697506904602051,-1.182905673980713,-1.0954800844192505
2024-11-26 17:12:22.977818,2.2778937319999386,0.11968329548835754,0.1169813871383667,-1.1681063175201416,-1.1263467073440552
2024-11-26 17:12:22.979825,2.279869117000999,0.1196761429309845,0.11697173118591309,-1.2042115926742554,-1.1001111268997192
2024-11-26 17:12:22.981848,2.2818841870011966,0.11968311667442322,0.116982102394104,-1.1846847534179688,-1.103311538696289
2024-11-26 17:12:22.984126,2.2840882899999997,0.11969104409217834,0.11697810888290405,-1.172507882118225,-1.1024887561798096
2024-11-26 17:12:22.986206,2.2862075610009924,0.11967939138412476,0.11698693037033081,-1.1998127698898315,-1.1051105260849
2024-11-26 17:12:22.989438,2.2882723700004135,0.11966389417648315,0.11695200204849243,-1.1781460046768188,-1.1080251932144165
2024-11-26 17:12:22.991703,2.29160118999971,0.11968931555747986,0.11696994304656982,-1.1683794260025024,-1.0747857093811035
2024-11-26 17:12:22.993976,2.2939486049999687,0.1196623146533966,0.11698931455612183,-1.1985955238342285,-1.1196573972702026
2024-11-26 17:12:22.996072,2.296051098001044,0.1196770966053009,0.11695706844329834,-1.1592694520950317,-1.1047706604003906
2024-11-26 17:12:22.998123,2.2981420180003624,0.11968758702278137,0.11697816848754883,-1.2074733972549438,-1.0673683881759644
2024-11-26 17:12:23.000198,2.300189624000268,0.11969059705734253,0.11699837446212769,-1.1884329319000244,-1.1122130155563354
2024-11-26 17:12:23.002623,2.302270469999712,0.11968180537223816,0.116993248462677,-1.170908808708191,-1.1250524520874023
2024-11-26 17:12:23.005838,2.3047213450008712,0.11969125270843506,0.11698085069656372,-1.16372549533844,-1.0970802307128906
2024-11-26 17:12:23.008083,2.307946926999648,0.11966413259506226,0.11698800325393677,-1.199244499206543,-1.1020563840866089
2024-11-26 17:12:23.011053,2.3101584180003556,0.11969166994094849,0.11696571111679077,-1.179571270942688,-1.1001286506652832
2024-11-26 17:12:23.013455,2.3134128880010394,0.1196882426738739,0.11696422100067139,-1.190834879875183,-1.0763499736785889
2024-11-26 17:12:23.015492,2.3155469550001726,0.119666188955307,0.11697125434875488,-1.2039127349853516,-1.0980814695358276
2024-11-26 17:12:23.017705,2.3175598760008143,0.11967557668685913,0.1169663667678833,-1.1750634908676147,-1.1087961196899414
2024-11-26 17:12:23.019822,2.3198031450010603,0.11967888474464417,0.11696350574493408,-1.185043454170227,-1.0934590101242065
2024-11-26 17:12:23.021841,2.321887453999807,0.11966890096664429,0.11697816848754883,-1.161961317062378,-1.102229118347168
2024-11-26 17:12:23.023855,2.323906616000386,0.1196906566619873,0.11698591709136963,-1.1798889636993408,-1.1205750703811646
2024-11-26 17:12:23.025860,2.3259227409998857,0.11968910694122314,0.1169898509979248,-1.1953949928283691,-1.103197455406189
2024-11-26 17:12:23.028106,2.3280711590014107,0.11966189742088318,0.11696261167526245,-1.1969908475875854,-1.1113284826278687
2024-11-26 17:12:23.030756,2.330186320001303,0.11968961358070374,0.11697196960449219,-1.1766823530197144,-1.0902360677719116
2024-11-26 17:12:23.033115,2.3331146670007,0.11968892812728882,0.11698424816131592,-1.1961743831634521,-1.1151403188705444
2024-11-26 17:12:23.035469,2.3352121970001463,0.11968585848808289,0.116962730884552,-1.197195291519165,-1.1135467290878296
2024-11-26 17:12:23.038127,2.338133581000875,0.1196683943271637,0.11697953939437866,-1.1746753454208374,-1.0997209548950195
2024-11-26 17:12:23.040614,2.3406548439998005,0.11968693137168884,0.11697959899902344,-1.1717106103897095,-1.1112046241760254
2024-11-26 17:12:23.043263,2.3428531139998086,0.11969077587127686,0.11697214841842651,-1.203184962272644,-1.0900729894638062
2024-11-26 17:12:23.048219,2.348035210001399,0.11968514323234558,0.11698341369628906,-1.1922152042388916,-1.1091808080673218
2024-11-26 17:12:23.050360,2.3503508290013997,0.11968618631362915,0.116973876953125,-1.1876710653305054,-1.093029499053955
2024-11-26 17:12:23.053374,2.352594209000017,0.11967942118644714,0.1169743537902832,-1.171058177947998,-1.0916736125946045
2024-11-26 17:12:23.055634,2.355498519000321,0.11968564987182617,0.11699330806732178,-1.194457769393921,-1.112282633781433
2024-11-26 17:12:23.057729,2.357724307001263,0.11968210339546204,0.11698991060256958,-1.1821812391281128,-1.1078139543533325
2024-11-26 17:12:23.059820,2.359801986000093,0.11968344449996948,0.11695432662963867,-1.1876637935638428,-1.102171778678894
2024-11-26 17:12:23.062203,2.3618859800008067,0.11969128251075745,0.1169775128364563,-1.1895254850387573,-1.082729697227478
2024-11-26 17:12:23.064504,2.3643511700011004,0.11966821551322937,0.11696505546569824,-1.1859431266784668,-1.1309176683425903
2024-11-26 17:12:23.066744,2.366617790001328,0.11968246102333069,0.11697167158126831,-1.1737678050994873,-1.0801833868026733
2024-11-26 17:12:23.068981,2.368829392000407,0.11968952417373657,0.11696958541870117,-1.18088960647583,-1.1152671575546265
2024-11-26 17:12:23.071503,2.3710885680011415,0.11967796087265015,0.11698263883590698,-1.1756234169006348,-1.1078704595565796
2024-11-26 17:12:23.074380,2.373635997000747,0.11967545747756958,0.11697506904602051,-1.181342363357544,-1.1014785766601562
2024-11-26 17:12:23.076581,2.3765093450001586,0.11968013644218445,0.11696082353591919,-1.1941653490066528,-1.0959529876708984
2024-11-26 17:12:23.078626,2.3786693190013466,0.11968731880187988,0.11698019504547119,-1.1872256994247437,-1.085748314857483
2024-11-26 17:12:23.080999,2.380706055000701,0.11968657374382019,0.11698102951049805,-1.1725504398345947,-1.1278717517852783
2024-11-26 17:12:23.083124,2.3830971530005627,0.11968827247619629,0.1169668436050415,-1.1726559400558472,-1.1067631244659424
2024-11-26 17:12:23.086509,2.3852257760008797,0.11967772245407104,0.11697614192962646,-1.1909565925598145,-1.0831973552703857
2024-11-26 17:12:23.088927,2.3885984660009854,0.11968338489532471,0.11696374416351318,-1.1702208518981934,-1.1200518608093262
2024-11-26 17:12:23.091271,2.391068378001364,0.11968517303466797,0.11696851253509521,-1.1895498037338257,-1.0982285737991333
2024-11-26 17:12:23.094100,2.393376588999672,0.11967742443084717,0.11697793006896973,-1.1902644634246826,-1.106133222579956
2024-11-26 17:12:23.096239,2.3962183270014066,0.11968481540679932,0.11696124076843262,-1.1712896823883057,-1.1109834909439087
2024-11-26 17:12:23.098225,2.398309099000471,0.11968615651130676,0.11700433492660522,-1.187103271484375,-1.086320400238037
2024-11-26 17:12:23.100449,2.400302797999757,0.11967769265174866,0.11697393655776978,-1.1810121536254883,-1.1203625202178955
2024-11-26 17:12:23.102607,2.4027271370014205,0.11968454718589783,0.11696940660476685,-1.1692485809326172,-1.085886001586914
2024-11-26 17:12:23.104643,2.4046839860002365,0.1196906566619873,0.11699581146240234,-1.187673568725586,-1.0991815328598022
2024-11-26 17:12:23.106709,2.4067116100013664,0.11967462301254272,0.11697232723236084,-1.1866120100021362,-1.1270887851715088
2024-11-26 17:12:23.108732,2.4087610309998126,0.11968091130256653,0.11698251962661743,-1.1772024631500244,-1.0732015371322632
2024-11-26 17:12:23.110838,2.410824655000397,0.1196875274181366,0.11696869134902954,-1.1797540187835693,-1.1172047853469849
2024-11-26 17:12:23.112852,2.412907501000518,0.11968082189559937,0.11698347330093384,-1.191726803779602,-1.0939948558807373
2024-11-26 17:12:23.115827,2.4156403150009282,0.1196683943271637,0.11695754528045654,-1.165093183517456,-1.0995765924453735
2024-11-26 17:12:23.117839,2.4179266009996354,0.11968496441841125,0.11696851253509521,-1.1756256818771362,-1.0839550495147705
2024-11-26 17:12:23.119866,2.4198959679997643,0.11969077587127686,0.1169881820678711,-1.1833155155181885,-1.1049768924713135
2024-11-26 17:12:23.122114,2.4219290370001545,0.11969035863876343,0.11697590351104736,-1.1702961921691895,-1.1147239208221436
2024-11-26 17:12:23.124253,2.4242016750013136,0.11969000101089478,0.11696916818618774,-1.189890742301941,-1.0813096761703491
2024-11-26 17:12:23.127473,2.4263356500014197,0.11967933177947998,0.11697012186050415,-1.1674621105194092,-1.0945082902908325
2024-11-26 17:12:23.129598,2.429551139000978,0.11968362331390381,0.11698693037033081,-1.17989182472229,-1.1052236557006836
2024-11-26 17:12:23.131869,2.431676428001083,0.11969023942947388,0.11696785688400269,-1.1792656183242798,-1.1100177764892578
2024-11-26 17:12:23.134849,2.43396014100108,0.11968821287155151,0.11696922779083252,-1.1953600645065308,-1.089840054512024
2024-11-26 17:12:23.137337,2.436965393000719,0.11968350410461426,0.11697685718536377,-1.183878779411316,-1.101177453994751
2024-11-26 17:12:23.140208,2.439472582000235,0.11968323588371277,0.11696165800094604,-1.1745179891586304,-1.093882441520691
2024-11-26 17:12:23.142342,2.4423190979996434,0.11968949437141418,0.1169857382774353,-1.185373306274414,-1.0981093645095825
2024-11-26 17:12:23.144594,2.444402221000928,0.11968913674354553,0.11697649955749512,-1.1892775297164917,-1.1033991575241089
2024-11-26 17:12:23.146734,2.4466881930002273,0.11968401074409485,0.11698126792907715,-1.1787055730819702,-1.1062179803848267
2024-11-26 17:12:23.148986,2.4488471479999134,0.11969077587127686,0.11696827411651611,-1.1818089485168457,-1.0962905883789062
2024-11-26 17:12:23.151355,2.451067084000897,0.11966797709465027,0.11697614192962646,-1.1801207065582275,-1.0741900205612183
2024-11-26 17:12:23.153516,2.4534585340006743,0.1196911633014679,0.11697173118591309,-1.1591144800186157,-1.103427529335022
2024-11-26 17:12:23.156244,2.4555780650007364,0.11967065930366516,0.11696505546569824,-1.1957324743270874,-1.1025142669677734
2024-11-26 17:12:23.158413,2.458358617999693,0.11967799067497253,0.11696785688400269,-1.1765621900558472,-1.0996054410934448
2024-11-26 17:12:23.160582,2.4604808340009185,0.11968514323234558,0.11699438095092773,-1.1841765642166138,-1.0997365713119507
2024-11-26 17:12:23.162863,2.4629384680010844,0.11968681216239929,0.11696332693099976,-1.2037986516952515,-1.1297856569290161
2024-11-26 17:12:23.165124,2.465138849000141,0.11968490481376648,0.11696261167526245,-1.1824899911880493,-1.09221351146698
2024-11-26 17:12:23.168577,2.4683311349999713,0.11966976523399353,0.11697852611541748,-1.167460322380066,-1.119224190711975
2024-11-26 17:12:23.170615,2.4706470870005433,0.1196911633014679,0.11697834730148315,-1.169303297996521,-1.1055476665496826
2024-11-26 17:12:23.172595,2.47268315600013,0.11968278884887695,0.1169845461845398,-1.1694408655166626,-1.0924561023712158
2024-11-26 17:12:23.174588,2.474668171000303,0.11968261003494263,0.11696851253509521,-1.1894525289535522,-1.1054211854934692
2024-11-26 17:12:23.177610,2.4774517610003386,0.11969119310379028,0.11698043346405029,-1.199810266494751,-1.0920251607894897
2024-11-26 17:12:23.179876,2.479900415000884,0.11968013644218445,0.11695629358291626,-1.180057406425476,-1.101227879524231
2024-11-26 17:12:23.182219,2.4819444840013603,0.11968612670898438,0.11696058511734009,-1.1688621044158936,-1.0979360342025757
2024-11-26 17:12:23.184456,2.4843562490004842,0.1196906566619873,0.11698013544082642,-1.1885545253753662,-1.1114245653152466
2024-11-26 17:12:23.186612,2.4865492770004494,0.11968842148780823,0.11696130037307739,-1.1881107091903687,-1.1184688806533813
2024-11-26 17:12:23.188707,2.4886949000010645,0.11968997120857239,0.11697125434875488,-1.1866121292114258,-1.080444097518921
2024-11-26 17:12:23.191497,2.4908152999996673,0.11968347430229187,0.1169930100440979,-1.161970615386963,-1.1234538555145264
2024-11-26 17:12:23.193743,2.493640835000406,0.11966881155967712,0.11698150634765625,-1.1811630725860596,-1.1140456199645996
2024-11-26 17:12:23.196476,2.4958163640003477,0.11968213319778442,0.11697429418563843,-1.1686604022979736,-1.090659499168396
2024-11-26 17:12:23.198732,2.498597158000848,0.11968421936035156,0.11697715520858765,-1.1857880353927612,-1.0907566547393799
2024-11-26 17:12:23.201901,2.5013898230008635,0.11968877911567688,0.11698722839355469,-1.2014257907867432,-1.1003886461257935
2024-11-26 17:12:23.204321,2.5041917090002244,0.11968302726745605,0.11696654558181763,-1.1792587041854858,-1.100771188735962
2024-11-26 17:12:23.207458,2.506404701000065,0.11969077587127686,0.11698079109191895,-1.1780004501342773,-1.0810154676437378
2024-11-26 17:12:23.209468,2.509561783999743,0.11969062685966492,0.11696964502334595,-1.162758469581604,-1.109893798828125
2024-11-26 17:12:23.211830,2.511529002000316,0.11967095732688904,0.11698257923126221,-1.172155499458313,-1.088321328163147
2024-11-26 17:12:23.214072,2.5140799680011696,0.11965581774711609,0.11697638034820557,-1.1746474504470825,-1.1207177639007568
2024-11-26 17:12:23.216906,2.5161367590008012,0.11968690156936646,0.11697649955749512,-1.186355471611023,-1.1071889400482178
2024-11-26 17:12:23.219103,2.519175252000423,0.1196908950805664,0.11697286367416382,-1.2067656517028809,-1.1033636331558228
2024-11-26 17:12:23.221464,2.521241579999696,0.11967536807060242,0.11697304248809814,-1.1832423210144043,-1.1038786172866821
2024-11-26 17:12:23.223498,2.523573235001095,0.11968815326690674,0.11698436737060547,-1.1719638109207153,-1.119224190711975
2024-11-26 17:12:23.225579,2.525568083001417,0.11968687176704407,0.11697769165039062,-1.2024699449539185,-1.111549973487854
2024-11-26 17:12:23.227736,2.5276603729998897,0.11968603730201721,0.11697143316268921,-1.1864410638809204,-1.105200171470642
2024-11-26 17:12:23.229711,2.5297931260010955,0.1196908950805664,0.11698997020721436,-1.1934080123901367,-1.1014403104782104
2024-11-26 17:12:23.231805,2.531755695999891,0.11967551708221436,0.11698871850967407,-1.1865726709365845,-1.114382266998291
2024-11-26 17:12:23.233820,2.533871560000989,0.11967122554779053,0.11697894334793091,-1.1827634572982788,-1.1032025814056396
2024-11-26 17:12:23.235876,2.535870073999831,0.11968863010406494,0.11695986986160278,-1.1846132278442383,-1.0987749099731445
2024-11-26 17:12:23.238708,2.537954549999995,0.11966294050216675,0.11698603630065918,-1.2017308473587036,-1.0888519287109375
2024-11-26 17:12:23.241340,2.5408152130003145,0.11967843770980835,0.11697012186050415,-1.175473690032959,-1.1172562837600708
2024-11-26 17:12:23.243708,2.543622488001347,0.11966165900230408,0.11696940660476685,-1.1744561195373535,-1.1101088523864746
2024-11-26 17:12:23.246658,2.545798499000739,0.11968755722045898,0.11697852611541748,-1.184387445449829,-1.0887154340744019
2024-11-26 17:12:23.248732,2.5487651599996752,0.1196875274181366,0.11698734760284424,-1.1915267705917358,-1.1004023551940918
2024-11-26 17:12:23.251051,2.550803858999643,0.11968719959259033,0.11697423458099365,-1.1779234409332275,-1.111585259437561
2024-11-26 17:12:23.253369,2.5533843980010715,0.11968564987182617,0.11697691679000854,-1.1754467487335205,-1.0931614637374878
2024-11-26 17:12:23.255599,2.5554421699998784,0.11969113349914551,0.11697977781295776,-1.1906791925430298,-1.0958558320999146
2024-11-26 17:12:23.258601,2.5577490300001955,0.11969035863876343,0.11697983741760254,-1.198796033859253,-1.110075831413269
2024-11-26 17:12:23.260743,2.5607701530007034,0.11968696117401123,0.11697667837142944,-1.1918718814849854,-1.107292652130127
2024-11-26 17:12:23.263081,2.5629780150011356,0.11968865990638733,0.11698412895202637,-1.1847110986709595,-1.098922848701477
2024-11-26 17:12:23.265202,2.5652042649999203,0.11968383193016052,0.11697471141815186,-1.1850783824920654,-1.0999702215194702
2024-11-26 17:12:23.267258,2.5672650930009695,0.11969056725502014,0.11696946620941162,-1.1715795993804932,-1.1002739667892456
2024-11-26 17:12:23.269235,2.5693140880011924,0.11969015002250671,0.1169934868812561,-1.1866143941879272,-1.0992331504821777
2024-11-26 17:12:23.271730,2.5712968429998,0.11967787146568298,0.11697912216186523,-1.1807101964950562,-1.1223198175430298
2024-11-26 17:12:23.273752,2.5738254389998474,0.11966633796691895,0.11697113513946533,-1.1875758171081543,-1.087356448173523
2024-11-26 17:12:23.275858,2.5758226939997257,0.11968612670898438,0.11697083711624146,-1.1459671258926392,-1.112223505973816
2024-11-26 17:12:23.278633,2.5779217800009064,0.11968153715133667,0.11699026823043823,-1.1990900039672852,-1.0985043048858643
2024-11-26 17:12:23.280761,2.580754129001434,0.11967694759368896,0.1169704794883728,-1.1699345111846924,-1.1321309804916382
2024-11-26 17:12:23.283075,2.5830812479998713,0.11968588829040527,0.11695009469985962,-1.177490234375,-1.0922108888626099
2024-11-26 17:12:23.285102,2.5852068519998284,0.11968326568603516,0.11697632074356079,-1.19087815284729,-1.086145281791687
2024-11-26 17:12:23.288132,2.587165996999829,0.11968588829040527,0.11698096990585327,-1.1747548580169678,-1.1149094104766846
2024-11-26 17:12:23.290652,2.590266581000833,0.11968329548835754,0.11696797609329224,-1.1851615905761719,-1.0809940099716187
2024-11-26 17:12:23.292856,2.592791696000859,0.11968725919723511,0.11697793006896973,-1.1697088479995728,-1.0795413255691528
2024-11-26 17:12:23.294987,2.5949522810005874,0.11967521905899048,0.11698716878890991,-1.1862680912017822,-1.122509241104126
2024-11-26 17:12:23.297337,2.5972577890006505,0.11968827247619629,0.1169813871383667,-1.1579917669296265,-1.1201401948928833
2024-11-26 17:12:23.300287,2.5994164290004846,0.11968478560447693,0.11699336767196655,-1.181626558303833,-1.0958433151245117
2024-11-26 17:12:23.302709,2.602670214000682,0.1196688711643219,0.11698538064956665,-1.1725126504898071,-1.1088831424713135
2024-11-26 17:12:23.304744,2.6048233920009807,0.11968740820884705,0.11699551343917847,-1.1843279600143433,-1.0952246189117432
2024-11-26 17:12:23.306987,2.6069959579999704,0.11969059705734253,0.11695808172225952,-1.1948540210723877,-1.1032638549804688
2024-11-26 17:12:23.308992,2.6090911549999873,0.11969012022018433,0.1169859766960144,-1.1774901151657104,-1.0805269479751587
2024-11-26 17:12:23.311046,2.6110470040002838,0.11968901753425598,0.11698544025421143,-1.199010968208313,-1.1300374269485474
2024-11-26 17:12:23.313113,2.6131829229998402,0.11967736482620239,0.11698108911514282,-1.1753147840499878,-1.0955827236175537
2024-11-26 17:12:23.315204,2.615176696999697,0.11969098448753357,0.11697971820831299,-1.1830388307571411,-1.1132068634033203
2024-11-26 17:12:23.317248,2.6172899860011967,0.11969047784805298,0.1169823408126831,-1.1928731203079224,-1.1052987575531006
2024-11-26 17:12:23.320212,2.619322722001016,0.11969009041786194,0.11696285009384155,-1.1743698120117188,-1.1017168760299683
2024-11-26 17:12:23.322451,2.622329919000549,0.11968505382537842,0.11697369813919067,-1.1969739198684692,-1.0963836908340454
2024-11-26 17:12:23.324489,2.624539596001341,0.11967679858207703,0.11698830127716064,-1.1728273630142212,-1.1246975660324097
2024-11-26 17:12:23.327864,2.627849768001397,0.11969047784805298,0.1169813871383667,-1.1675903797149658,-1.106143593788147
2024-11-26 17:12:23.329987,2.629938336000123,0.11968344449996948,0.11697542667388916,-1.1875194311141968,-1.099416732788086
2024-11-26 17:12:23.332238,2.632056681000904,0.11967581510543823,0.11697745323181152,-1.1945912837982178,-1.0997718572616577
2024-11-26 17:12:23.334490,2.634340542001155,0.11968779563903809,0.11698126792907715,-1.1715831756591797,-1.1095272302627563
2024-11-26 17:12:23.336494,2.636569866001082,0.119680255651474,0.11698859930038452,-1.2012088298797607,-1.1012769937515259
2024-11-26 17:12:23.339814,2.6385625840011926,0.1196836531162262,0.11695349216461182,-1.1771520376205444,-1.110105276107788
2024-11-26 17:12:23.342365,2.6422788960007892,0.11967825889587402,0.11697852611541748,-1.191518783569336,-1.087561845779419
2024-11-26 17:12:23.344618,2.6445027390000178,0.11968809366226196,0.1169743537902832,-1.1658276319503784,-1.095635175704956
2024-11-26 17:12:23.347014,2.646696101000998,0.11969056725502014,0.11696761846542358,-1.183946132659912,-1.0925341844558716
2024-11-26 17:12:23.349722,2.649176234999686,0.11968740820884705,0.11698639392852783,-1.1853564977645874,-1.103255271911621
2024-11-26 17:12:23.352112,2.65184327300085,0.11968886852264404,0.11697882413864136,-1.177046775817871,-1.1065235137939453
2024-11-26 17:12:23.355081,2.654464626000845,0.11968311667442322,0.11696141958236694,-1.1777440309524536,-1.088837742805481
2024-11-26 17:12:23.357221,2.657245532000161,0.11969071626663208,0.11697858572006226,-1.1812245845794678,-1.1033767461776733
2024-11-26 17:12:23.359384,2.6593148230003862,0.11966884136199951,0.11698156595230103,-1.1867623329162598,-1.1040256023406982
2024-11-26 17:12:23.362211,2.662146874999962,0.11968520283699036,0.11695903539657593,-1.1669552326202393,-1.1065478324890137
2024-11-26 17:12:23.364460,2.6643497929999285,0.11968982219696045,0.11697942018508911,-1.1932172775268555,-1.0972309112548828
2024-11-26 17:12:23.367372,2.6665397850010777,0.11967608332633972,0.1169734001159668,-1.1886694431304932,-1.1124707460403442
2024-11-26 17:12:23.369797,2.669483390000096,0.11969080567359924,0.11698240041732788,-1.1833617687225342,-1.0985028743743896
2024-11-26 17:12:23.372247,2.6719461909997335,0.11967521905899048,0.11697602272033691,-1.1690986156463623,-1.1068778038024902
2024-11-26 17:12:23.374846,2.674353271000655,0.1196736991405487,0.11699795722961426,-1.187122106552124,-1.1117150783538818
2024-11-26 17:12:23.376981,2.676992884000356,0.11967775225639343,0.11697369813919067,-1.1846164464950562,-1.112170934677124
2024-11-26 17:12:23.379071,2.6790622850003274,0.11967578530311584,0.11695778369903564,-1.1668353080749512,-1.08138906955719
2024-11-26 17:12:23.381747,2.6811618720003025,0.11968758702278137,0.11697274446487427,-1.1807507276535034,-1.0937784910202026
2024-11-26 17:12:23.383956,2.6838664269998844,0.11965754628181458,0.11698853969573975,-1.1958199739456177,-1.100337028503418
2024-11-26 17:12:23.385974,2.686033474999931,0.11967483162879944,0.11698043346405029,-1.186400294303894,-1.1074968576431274
2024-11-26 17:12:23.388462,2.6880556180003623,0.11967164278030396,0.1169729232788086,-1.1846638917922974,-1.0931389331817627
2024-11-26 17:12:23.391511,2.6905632150010206,0.11969158053398132,0.11700057983398438,-1.187071442604065,-1.101405382156372
2024-11-26 17:12:23.393700,2.693650205999802,0.11968952417373657,0.11699527502059937,-1.1994943618774414,-1.1299959421157837
2024-11-26 17:12:23.395715,2.6957727370008797,0.1196725070476532,0.11695510149002075,-1.1898040771484375,-1.0942412614822388
2024-11-26 17:12:23.397717,2.697794862000592,0.11968693137168884,0.11698037385940552,-1.171228289604187,-1.0995169878005981
2024-11-26 17:12:23.399867,2.6999167810008657,0.11968007683753967,0.11697858572006226,-1.1832847595214844,-1.1257309913635254
2024-11-26 17:12:23.403111,2.7019317579997733,0.11969083547592163,0.11695253849029541,-1.172239065170288,-1.083123803138733
2024-11-26 17:12:23.406153,2.7052704300003825,0.11969074606895447,0.1169787049293518,-1.1954578161239624,-1.0734941959381104
2024-11-26 17:12:23.408355,2.7082767930005502,0.1196473240852356,0.11698496341705322,-1.1864688396453857,-1.0983585119247437
2024-11-26 17:12:23.410347,2.7104407120004907,0.119683176279068,0.11697524785995483,-1.1763737201690674,-1.1045531034469604
2024-11-26 17:12:23.412348,2.7124005229998147,0.11969146132469177,0.1169668436050415,-1.1866601705551147,-1.105651617050171
2024-11-26 17:12:23.414337,2.7144194259999495,0.11969044804573059,0.11700081825256348,-1.1857727766036987,-1.091834545135498
2024-11-26 17:12:23.416365,2.7163844960014103,0.11968240141868591,0.11696618795394897,-1.1819031238555908,-1.1329213380813599
2024-11-26 17:12:23.418492,2.7184323800011043,0.1196727454662323,0.1169663667678833,-1.203676700592041,-1.0960783958435059
2024-11-26 17:12:23.420974,2.720540725000319,0.11969095468521118,0.11699354648590088,-1.1709742546081543,-1.0974836349487305
2024-11-26 17:12:23.424085,2.72311770899978,0.1196875274181366,0.11698180437088013,-1.1939430236816406,-1.1403168439865112
2024-11-26 17:12:23.426236,2.7262101270007406,0.11967337131500244,0.11695939302444458,-1.1860216856002808,-1.0980496406555176
2024-11-26 17:12:23.428363,2.728319249999913,0.11967584490776062,0.11696523427963257,-1.1975635290145874,-1.0918607711791992
2024-11-26 17:12:23.430353,2.730429520999678,0.11966827511787415,0.11698693037033081,-1.171373963356018,-1.1025326251983643
2024-11-26 17:12:23.432505,2.732415962000232,0.11967945098876953,0.11697262525558472,-1.1670893430709839,-1.1373218297958374
2024-11-26 17:12:23.434701,2.734596991000217,0.11969006061553955,0.11695843935012817,-1.1966912746429443,-1.081429123878479
2024-11-26 17:12:23.436721,2.7367780940003286,0.11968684196472168,0.11699658632278442,-1.1925158500671387,-1.1096792221069336
2024-11-26 17:12:23.439269,2.738785404000737,0.11968845129013062,0.11697107553482056,-1.182491660118103,-1.133963704109192
2024-11-26 17:12:23.442662,2.741388387999905,0.11967325210571289,0.11697131395339966,-1.1993409395217896,-1.0853458642959595
2024-11-26 17:12:23.444972,2.744848557000296,0.11967626214027405,0.11697393655776978,-1.1661324501037598,-1.107183575630188
2024-11-26 17:12:23.448487,2.7482423020010174,0.11965623497962952,0.11698722839355469,-1.1924159526824951,-1.1074203252792358
2024-11-26 17:12:23.450816,2.7505858460008312,0.11967545747756958,0.11695069074630737,-1.1683681011199951,-1.114773154258728
2024-11-26 17:12:23.452950,2.7529368350005825,0.11967620253562927,0.11696022748947144,-1.1869033575057983,-1.0974313020706177
2024-11-26 17:12:23.454967,2.7550307540004724,0.11968261003494263,0.1169736385345459,-1.1816833019256592,-1.1151827573776245
2024-11-26 17:12:23.457344,2.7571569880001334,0.1196819543838501,0.11696887016296387,-1.1935657262802124,-1.1208325624465942
2024-11-26 17:12:23.459386,2.7594569960001536,0.11968806385993958,0.11695301532745361,-1.1789135932922363,-1.1171880960464478
2024-11-26 17:12:23.461766,2.7614551030001167,0.11967107653617859,0.11699241399765015,-1.2017995119094849,-1.0891687870025635
2024-11-26 17:12:23.464746,2.7638935160011897,0.11967742443084717,0.11698418855667114,-1.176103949546814,-1.137133240699768
2024-11-26 17:12:23.467076,2.7668662690011843,0.11968132853507996,0.11698323488235474,-1.1761901378631592,-1.0942487716674805
2024-11-26 17:12:23.469121,2.769194980000975,0.1196749210357666,0.1169787049293518,-1.1811611652374268,-1.0912281274795532
2024-11-26 17:12:23.471113,2.7711972350007272,0.11966562271118164,0.11698037385940552,-1.1632426977157593,-1.108150839805603
2024-11-26 17:12:23.473346,2.773376189999908,0.11967939138412476,0.11698752641677856,-1.1682159900665283,-1.1077609062194824
2024-11-26 17:12:23.475377,2.7753997039999376,0.11968907713890076,0.11697942018508911,-1.1962790489196777,-1.1118885278701782
2024-11-26 17:12:23.477451,2.7774494029999914,0.11967405676841736,0.1169745922088623,-1.2028536796569824,-1.094069480895996
2024-11-26 17:12:23.479481,2.7795165269999416,0.11968755722045898,0.11697477102279663,-1.1681157350540161,-1.1048935651779175
2024-11-26 17:12:23.481740,2.7815597250009887,0.11968281865119934,0.11697757244110107,-1.2141824960708618,-1.111818790435791
2024-11-26 17:12:23.484617,2.7838399190004566,0.1196804940700531,0.11697518825531006,-1.183401107788086,-1.08566153049469
2024-11-26 17:12:23.487744,2.786735489000421,0.11966255307197571,0.11697030067443848,-1.1885957717895508,-1.1121615171432495
2024-11-26 17:12:23.490015,2.7898694240011537,0.11968016624450684,0.11696803569793701,-1.1640883684158325,-1.1077253818511963
2024-11-26 17:12:23.493219,2.792116784999962,0.1196756362915039,0.11696571111679077,-1.1791337728500366,-1.0971307754516602
2024-11-26 17:12:23.495377,2.7953761990011117,0.11967554688453674,0.11699777841567993,-1.1991727352142334,-1.0987493991851807
2024-11-26 17:12:23.497601,2.797456248999879,0.11967426538467407,0.1169588565826416,-1.1652203798294067,-1.115393042564392
2024-11-26 17:12:23.499713,2.7996989990006114,0.11966961622238159,0.11697375774383545,-1.1842129230499268,-1.080322027206421
2024-11-26 17:12:23.501734,2.8017887890000566,0.11967542767524719,0.11699330806732178,-1.1827905178070068,-1.1021795272827148
2024-11-26 17:12:23.504319,2.8037943770013953,0.11968883872032166,0.11697953939437866,-1.179351806640625,-1.117570400238037
2024-11-26 17:12:23.506600,2.8064688780013967,0.11968618631362915,0.11696189641952515,-1.1959643363952637,-1.102695107460022
2024-11-26 17:12:23.508609,2.808680758000264,0.11968082189559937,0.11697936058044434,-1.1766512393951416,-1.0897796154022217
2024-11-26 17:12:23.510937,2.810677180001221,0.11969059705734253,0.11697965860366821,-1.1924026012420654,-1.1337826251983643
2024-11-26 17:12:23.513118,2.813097870999627,0.11969035863876343,0.11698830127716064,-1.1969859600067139,-1.0939501523971558
2024-11-26 17:12:23.515099,2.8151910130000033,0.11967489123344421,0.11696606874465942,-1.1720303297042847,-1.1022027730941772
2024-11-26 17:12:23.517252,2.8172245450004993,0.11967289447784424,0.11698758602142334,-1.1623868942260742,-1.0850491523742676
2024-11-26 17:12:23.519252,2.8193241680000938,0.11969012022018433,0.11696696281433105,-1.1688165664672852,-1.1048738956451416
2024-11-26 17:12:23.521470,2.82131783099976,0.11968088150024414,0.11696034669876099,-1.1935067176818848,-1.0928150415420532
2024-11-26 17:12:23.523482,2.823557099000027,0.11967861652374268,0.11698228120803833,-1.1744458675384521,-1.1091997623443604
2024-11-26 17:12:23.527459,2.8255515950004337,0.11968880891799927,0.11697810888290405,-1.1939617395401,-1.1213769912719727
2024-11-26 17:12:23.529485,2.8295796600014,0.11968874931335449,0.11697590351104736,-1.1949607133865356,-1.0859429836273193
2024-11-26 17:12:23.531762,2.8315426380013378,0.11969012022018433,0.11697918176651001,-1.1718446016311646,-1.094241976737976
2024-11-26 17:12:23.539805,2.8338729229999444,0.11966913938522339,0.11698538064956665,-1.1949446201324463,-1.0963590145111084
2024-11-26 17:12:23.542615,2.8421672519998538,0.11968541145324707,0.1169809103012085,-1.183157205581665,-1.1019526720046997
2024-11-26 17:12:23.545488,2.8447515509997174,0.11968463659286499,0.11697608232498169,-1.1968209743499756,-1.0888996124267578
2024-11-26 17:12:23.547708,2.847648120001395,0.11968681216239929,0.11695992946624756,-1.1751055717468262,-1.1091257333755493
2024-11-26 17:12:23.549874,2.849793094999768,0.11968964338302612,0.11697971820831299,-1.175378680229187,-1.0958298444747925
2024-11-26 17:12:23.552000,2.8519434760000877,0.11967393755912781,0.11696434020996094,-1.1978760957717896,-1.1023136377334595
2024-11-26 17:12:23.554119,2.8541031910008314,0.11967584490776062,0.11696791648864746,-1.1567139625549316,-1.0938143730163574
2024-11-26 17:12:23.556337,2.8562059810010396,0.11969026923179626,0.11697626113891602,-1.1880877017974854,-1.1172114610671997
2024-11-26 17:12:23.558343,2.858414120000816,0.11968696117401123,0.11699038743972778,-1.186084270477295,-1.099442481994629
2024-11-26 17:12:23.560490,2.8603949309999734,0.1196911633014679,0.11698424816131592,-1.165781855583191,-1.1111502647399902
2024-11-26 17:12:23.562731,2.8625753490014176,0.11967459321022034,0.11699020862579346,-1.1770222187042236,-1.1077347993850708
2024-11-26 17:12:23.564964,2.8648366360012005,0.11967065930366516,0.11697548627853394,-1.1829736232757568,-1.0988818407058716
2024-11-26 17:12:23.569008,2.8690492160003487,0.11968052387237549,0.11696130037307739,-1.1819720268249512,-1.096716284751892
2024-11-26 17:12:23.571719,2.871560331001092,0.11969071626663208,0.11696797609329224,-1.1750109195709229,-1.0940377712249756
2024-11-26 17:12:23.573843,2.873830636001003,0.11966374516487122,0.11696809530258179,-1.1931251287460327,-1.1074895858764648
2024-11-26 17:12:23.575960,2.875966388000961,0.11968305706977844,0.11697614192962646,-1.1615033149719238,-1.1029914617538452
2024-11-26 17:12:23.577990,2.878038456001377,0.11968901753425598,0.1169595718383789,-1.1911203861236572,-1.106141448020935
2024-11-26 17:12:23.580135,2.880050248000771,0.11967137455940247,0.11696511507034302,-1.1780004501342773,-1.0755358934402466
2024-11-26 17:12:23.582467,2.8822360550002486,0.11968275904655457,0.11697113513946533,-1.181301236152649,-1.1061151027679443
2024-11-26 17:12:23.584598,2.8845694880001247,0.11967244744300842,0.1169668436050415,-1.1989858150482178,-1.0965667963027954
2024-11-26 17:12:23.586705,2.886669352001263,0.11969119310379028,0.11695706844329834,-1.1796060800552368,-1.1034451723098755
2024-11-26 17:12:23.589458,2.8887829380000767,0.11968767642974854,0.11697840690612793,-1.2001492977142334,-1.1049339771270752
2024-11-26 17:12:23.591884,2.8915765290003037,0.11967802047729492,0.11698275804519653,-1.1968976259231567,-1.1263102293014526
2024-11-26 17:12:23.594282,2.894023274000574,0.11968988180160522,0.11697590351104736,-1.1859233379364014,-1.1043235063552856
2024-11-26 17:12:23.596466,2.8964215030009655,0.11967939138412476,0.11699283123016357,-1.1816117763519287,-1.1145116090774536
2024-11-26 17:12:23.598499,2.8985473290013033,0.11968061327934265,0.11699044704437256,-1.1925020217895508,-1.1034008264541626
2024-11-26 17:12:23.600894,2.9007346170001256,0.11968877911567688,0.11698180437088013,-1.1787075996398926,-1.0985413789749146
2024-11-26 17:12:23.603013,2.903020663001371,0.11967381834983826,0.11696362495422363,-1.178256630897522,-1.1030973196029663
2024-11-26 17:12:23.605131,2.9051415820013062,0.11968725919723511,0.11696165800094604,-1.1652454137802124,-1.0923576354980469
2024-11-26 17:12:23.609116,2.9072116870011087,0.11968803405761719,0.11699271202087402,-1.204360008239746,-1.108001947402954
2024-11-26 17:12:23.611490,2.9112440120006795,0.11968302726745605,0.11696326732635498,-1.1952570676803589,-1.112810492515564
2024-11-26 17:12:23.613850,2.913599241001066,0.11967805027961731,0.11699312925338745,-1.1916754245758057,-1.0932459831237793
2024-11-26 17:12:23.616211,2.9159524510014307,0.11967581510543823,0.11697626113891602,-1.1865098476409912,-1.1199253797531128
2024-11-26 17:12:23.618387,2.9183606790011254,0.11968708038330078,0.11697697639465332,-1.1846815347671509,-1.0865060091018677
2024-11-26 17:12:23.620374,2.920450007000909,0.11968311667442322,0.11699503660202026,-1.1903941631317139,-1.0918848514556885
2024-11-26 17:12:23.622593,2.9224602989997948,0.11968070268630981,0.11696881055831909,-1.1851494312286377,-1.1209886074066162
2024-11-26 17:12:23.624613,2.9246856230001868,0.11969059705734253,0.116996169090271,-1.1831114292144775,-1.0990798473358154
2024-11-26 17:12:23.626764,2.926682063000044,0.11968415975570679,0.11696279048919678,-1.1849713325500488,-1.1166400909423828
2024-11-26 17:12:23.629849,2.9288773700009187,0.11969068646430969,0.1169939637184143,-1.1703410148620605,-1.0917384624481201
2024-11-26 17:12:23.632241,2.931976232001034,0.11968329548835754,0.11697298288345337,-1.201802134513855,-1.0996195077896118
2024-11-26 17:12:23.634358,2.934345626999857,0.11967936158180237,0.1169857382774353,-1.189017415046692,-1.080977439880371
2024-11-26 17:12:23.636460,2.936420973001077,0.11966684460639954,0.11697661876678467,-1.1824053525924683,-1.1058365106582642
2024-11-26 17:12:23.638472,2.9385387630009063,0.11969062685966492,0.1169615387916565,-1.180759310722351,-1.101567029953003
2024-11-26 17:12:23.641139,2.94052885200108,0.11968439817428589,0.11696285009384155,-1.2076784372329712,-1.0985738039016724
2024-11-26 17:12:23.643719,2.9432772020008997,0.11968275904655457,0.11697083711624146,-1.1820303201675415,-1.105546474456787
2024-11-26 17:12:23.647290,2.9458284829997865,0.11969074606895447,0.11699533462524414,-1.1656110286712646,-1.0836161375045776
2024-11-26 17:12:23.650685,2.949619201001042,0.11968305706977844,0.11695176362991333,-1.1872566938400269,-1.105265736579895
2024-11-26 17:12:23.653078,2.952860930001407,0.1196894645690918,0.11699038743972778,-1.1846163272857666,-1.0947353839874268
2024-11-26 17:12:23.655490,2.9551640860008774,0.11967769265174866,0.1169748306274414,-1.1809747219085693,-1.1315311193466187
2024-11-26 17:12:23.658116,2.957610184001169,0.11968684196472168,0.1169537901878357,-1.1917113065719604,-1.0980405807495117
2024-11-26 17:12:23.661366,2.9603456090007967,0.11967656016349792,0.1169862151145935,-1.2025446891784668,-1.090936303138733
2024-11-26 17:12:23.663972,2.9635150989997783,0.11967629194259644,0.11697894334793091,-1.175954818725586,-1.1238811016082764
2024-11-26 17:12:23.666108,2.966113620001124,0.11967641115188599,0.11697393655776978,-1.1939353942871094,-1.092518925666809
2024-11-26 17:12:23.668344,2.9681807440010743,0.11968320608139038,0.11697936058044434,-1.1880192756652832,-1.0964616537094116
2024-11-26 17:12:23.671144,2.970443771000646,0.11967527866363525,0.11697155237197876,-1.1941866874694824,-1.1131401062011719
2024-11-26 17:12:23.673587,2.973337970999637,0.11968085169792175,0.11695456504821777,-1.1995840072631836,-1.092153549194336
2024-11-26 17:12:23.675713,2.975683274000403,0.11967483162879944,0.11695146560668945,-1.1781315803527832,-1.0936949253082275
2024-11-26 17:12:23.677871,2.977787731000717,0.11968639492988586,0.11697423458099365,-1.1837457418441772,-1.1255817413330078
2024-11-26 17:12:23.679879,2.9799379270007194,0.11967846751213074,0.116993248462677,-1.1865922212600708,-1.1031330823898315
2024-11-26 17:12:23.681976,2.9819504220013187,0.11968472599983215,0.11697560548782349,-1.1762914657592773,-1.106536865234375
2024-11-26 17:12:23.684084,2.984034787001292,0.11967554688453674,0.11698883771896362,-1.1847279071807861,-1.0967292785644531
2024-11-26 17:12:23.687354,2.98616413200034,0.11967885494232178,0.11699080467224121,-1.170259952545166,-1.08840012550354
2024-11-26 17:12:23.689360,2.989450119999674,0.1196909248828888,0.11695271730422974,-1.1667029857635498,-1.1161493062973022
2024-11-26 17:12:23.692990,2.9914248940003745,0.11968693137168884,0.11699086427688599,-1.1948387622833252,-1.0691852569580078
2024-11-26 17:12:23.695128,2.995116947000497,0.11968615651130676,0.11698770523071289,-1.1758049726486206,-1.1422059535980225
2024-11-26 17:12:23.697232,2.997239811000327,0.11968934535980225,0.11698931455612183,-1.184705138206482,-1.0877176523208618
2024-11-26 17:12:23.699267,2.9993094530000235,0.11969044804573059,0.11697602272033691,-1.1825041770935059,-1.1127828359603882
2024-11-26 17:12:23.701569,3.0013466330001393,0.11968940496444702,0.11697310209274292,-1.1793345212936401,-1.0902255773544312
2024-11-26 17:12:23.703725,3.0036712330002047,0.11967834830284119,0.11695206165313721,-1.1922069787979126,-1.1149593591690063
2024-11-26 17:12:23.705983,3.0058301700009906,0.11965930461883545,0.11697125434875488,-1.1787528991699219,-1.1130626201629639
2024-11-26 17:12:23.708353,3.008259750000434,0.11968603730201721,0.11699062585830688,-1.1703553199768066,-1.11556875705719
2024-11-26 17:12:23.711023,3.010463685999639,0.1196892261505127,0.11697453260421753,-1.19789719581604,-1.1157020330429077
2024-11-26 17:12:23.713469,3.0133845700001984,0.11967349052429199,0.11697518825531006,-1.1752212047576904,-1.091507911682129
2024-11-26 17:12:23.715486,3.015564209999866,0.11969003081321716,0.1169782280921936,-1.1692776679992676,-1.1079899072647095
2024-11-26 17:12:23.717603,3.017552039000293,0.11968278884887695,0.11699289083480835,-1.19932222366333,-1.1280503273010254
2024-11-26 17:12:23.719723,3.019698125001014,0.11969068646430969,0.11698395013809204,-1.1717808246612549,-1.0936973094940186
2024-11-26 17:12:23.722117,3.0218194700009917,0.1196821928024292,0.11697268486022949,-1.190171241760254,-1.1125986576080322
2024-11-26 17:12:23.724373,3.0242244569999457,0.11968797445297241,0.11696821451187134,-1.1735475063323975,-1.1093281507492065
2024-11-26 17:12:23.727463,3.0264816700000665,0.11969080567359924,0.11697202920913696,-1.1952979564666748,-1.102769374847412
2024-11-26 17:12:23.729491,3.029559309999968,0.11968979239463806,0.11696922779083252,-1.1798993349075317,-1.1068425178527832
2024-11-26 17:12:23.732753,3.031563824000841,0.1196744441986084,0.1169925332069397,-1.1755253076553345,-1.0859144926071167
2024-11-26 17:12:23.734888,3.034893293001005,0.11967536807060242,0.1169707179069519,-1.1672565937042236,-1.1240686178207397
2024-11-26 17:12:23.737123,3.0369630650002364,0.11967712640762329,0.116976797580719,-1.1692739725112915,-1.0991541147232056
2024-11-26 17:12:23.739561,3.039218981000886,0.11968344449996948,0.11698126792907715,-1.1842104196548462,-1.1088112592697144
2024-11-26 17:12:23.742735,3.0422454190011194,0.11968734860420227,0.11698955297470093,-1.1928632259368896,-1.1028958559036255
2024-11-26 17:12:23.744860,3.0448911969997425,0.11967882513999939,0.11697626113891602,-1.1903659105300903,-1.1078249216079712
2024-11-26 17:12:23.746859,3.0469464880006853,0.11966973543167114,0.11698096990585327,-1.1852055788040161,-1.1044831275939941
2024-11-26 17:12:23.748865,3.0489406320011767,0.11968907713890076,0.11697894334793091,-1.188109278678894,-1.0910810232162476
2024-11-26 17:12:23.750963,3.0509381650008436,0.11967414617538452,0.11695581674575806,-1.1988639831542969,-1.1213641166687012
2024-11-26 17:12:23.753838,3.0530461400012427,0.11969074606895447,0.1169700026512146,-1.1782504320144653,-1.0743194818496704
2024-11-26 17:12:23.756262,3.0559530800001085,0.11967733502388,0.11698293685913086,-1.1831822395324707,-1.1231491565704346
2024-11-26 17:12:23.758468,3.0583932520003145,0.11967799067497253,0.11698758602142334,-1.1801060438156128,-1.108756422996521
2024-11-26 17:12:23.760905,3.060573448001378,0.11967507004737854,0.1169809103012085,-1.1883277893066406,-1.1030696630477905
2024-11-26 17:12:23.763099,3.063049063001017,0.11969131231307983,0.11698466539382935,-1.1885654926300049,-1.0867630243301392
2024-11-26 17:12:23.765352,3.0652524619999895,0.11969026923179626,0.11696535348892212,-1.1820056438446045,-1.0953710079193115
2024-11-26 17:12:23.768746,3.068584634000217,0.11968013644218445,0.11696958541870117,-1.155554175376892,-1.1137604713439941
2024-11-26 17:12:23.771026,3.0708699019996857,0.11968037486076355,0.11698520183563232,-1.1605725288391113,-1.0981310606002808
2024-11-26 17:12:23.774062,3.0731779280013143,0.11966925859451294,0.11698371171951294,-1.1891281604766846,-1.1184943914413452
